nro_residentes,tipo_vivienda,pago_mensual
2,1,291
5,3,168
4,3,167
3,1,277
4,7,282
4,1,1202
4,7,435
4,3,528
9,1,366
4,7,621
3,7,300
2,7,208
5,1,429
3,1,505
4,7,1195
3,1,361
1,7,213
6,2,522
1,7,270
5,1,2147
4,1,447
4,2,695
2,1,468
4,3,254
4,3,360
5,3,363
6,3,323
6,2,658
3,7,584
3,1,213
6,7,633
1,6,204
2,1,484
8,3,260
4,2,1158
5,2,853
4,1,1285
4,1,405
5,7,503
4,1,521
3,7,193
2,3,163
2,1,410
4,7,375
7,1,510
7,2,503
2,1,673
6,1,800
5,1,368
2,7,235
2,1,345
2,2,268
5,2,579
3,3,603
4,6,208
5,1,355
3,7,170
2,1,224
7,1,225
5,1,1605
5,1,572
5,5,630
5,1,607
4,1,1618
3,1,445
5,7,655
1,7,395
4,1,1305
4,1,1345
5,3,223
2,7,238
5,2,548
3,1,660
4,1,243
2,1,425
4,1,593
5,6,264
4,1,251
4,2,341
5,2,223
8,1,398
1,7,265
5,1,2128
4,7,333
4,7,348
3,1,430
2,1,583
2,1,415
3,7,450
3,7,258
6,1,595
2,1,570
3,1,635
3,1,1133
1,7,242
2,3,443
3,7,268
1,3,152
2,1,298
2,1,323
1,5,443
2,3,785
4,3,703
3,3,216
2,1,572
7,3,398
5,7,1645
2,1,1685
4,7,515
4,3,421
5,1,485
4,7,488
4,1,765
9,1,1225
4,7,256
4,7,312
5,2,1231
6,1,2254
3,1,1105
1,3,370
2,3,207
3,1,683
5,1,576
1,1,150
2,1,1758
4,3,1055
1,3,315
4,3,370
2,3,545
3,1,1480
4,1,1205
5,1,1088
5,1,1128
3,5,605
6,1,473
5,2,665
2,6,200
2,1,2135
4,2,315
7,3,407
3,3,297
1,3,273
3,7,274
5,1,342
4,7,620
3,7,385
3,7,633
3,1,799
3,7,286
3,2,400
3,1,498
4,7,334
1,7,280
1,7,240
5,6,465
4,1,1662
8,6,361
5,1,1728
3,2,608
2,1,1738
3,1,1685
2,1,458
1,7,1075
3,1,1695
2,1,693
5,1,434
4,5,1100
1,3,233
3,1,870
1,7,300
4,1,378
4,1,618
1,7,260
4,1,1128
1,3,385
7,5,625
4,3,645
2,6,141
4,1,670
3,1,1865
4,1,1840
1,3,3083
3,5,2581
5,1,1480
3,1,1453
2,1,2213
1,1,1173
2,7,840
2,1,2290
1,3,575
1,3,425
3,5,1135
1,3,465
3,1,618
1,3,420
1,3,310
1,3,400
1,3,375
3,3,2220
2,3,1670
3,3,725
2,1,1120
3,3,1211
1,7,1548
2,7,310
4,1,2419
2,1,428
1,7,140
1,3,630
3,1,1693
1,7,310
2,7,2623
4,1,435
1,1,1239
4,1,1578
4,1,2165
1,3,475
2,1,2667
1,3,474
1,1,925
3,1,1765
2,1,248
2,1,1218
5,3,1660
1,3,450
1,5,1110
3,1,1048
1,5,1075
4,3,665
2,3,1650
1,3,507
4,7,1663
3,3,2197
2,3,585
4,7,543
6,1,1373
1,7,1150
6,1,1796
6,7,833
7,3,1653
2,1,1794
4,1,3310
5,1,2258
4,1,3917
5,1,2253
1,3,400
1,3,350
5,1,643
3,1,1121
4,1,1125
5,2,2323
3,1,1268
1,2,1089
2,1,1162
3,7,463
2,1,3625
4,1,1735
2,1,940
4,1,1855
2,1,938
2,1,950
2,1,1374
6,3,2145
2,1,932
4,1,1285
4,1,1940
4,3,1185
1,1,1145
3,1,1667
5,7,1200
1,1,1085
1,3,325
4,5,588
1,3,370
4,3,1595
3,1,1140
2,1,1552
5,3,485
2,3,401
3,3,243
7,3,395
8,3,505
2,7,460
4,3,620
6,1,203
2,1,265
6,1,245
1,1,126
1,1,118
4,1,211
2,1,202
2,1,206
1,3,177
2,1,189
2,1,206
5,3,330
3,1,300
1,6,225
1,6,245
3,1,563
5,3,210
4,3,861
4,3,702
4,3,258
2,1,470
3,3,180
2,3,180
3,1,218
8,1,476
1,1,337
2,5,400
3,1,583
5,1,485
4,3,470
5,1,1108
2,3,559
3,3,358
4,3,423
1,3,328
2,1,350
3,3,200
1,3,255
1,1,348
3,1,247
1,1,536
3,3,107
3,1,398
2,1,333
5,3,382
5,1,634
1,1,150
3,1,460
3,3,98
3,3,322
1,3,221
1,3,419
3,5,519
4,1,652
1,3,305
2,1,329
1,1,340
4,1,300
11,1,262
4,1,70
3,1,558
3,1,85
3,1,115
1,1,1570
3,1,65
2,1,95
6,1,120
3,1,115
3,1,125
2,1,45
3,1,122
5,1,112
4,1,129
2,1,125
3,1,137
3,1,227
2,6,211
1,1,105
5,1,72
2,1,152
4,1,157
2,1,102
2,1,124
6,1,170
3,1,100
4,1,96
2,1,109
5,1,128
6,1,74
6,1,129
3,1,115
6,1,170
3,1,209
3,1,220
1,1,207
2,1,93
3,1,118
2,1,104
6,1,100
7,1,98
7,7,47
1,1,74
4,1,72
2,1,128
6,1,50
6,1,50
3,1,173
4,1,75
4,1,77
4,1,77
3,1,91
4,1,165
2,1,102
7,1,214
6,1,166
9,1,66
2,1,45
5,1,71
6,1,89
7,1,60
2,1,50
2,1,30
2,1,20
6,1,76
2,1,83
1,1,35
2,1,65
1,1,93
2,1,30
6,1,65
2,1,65
2,1,109
7,1,126
4,1,178
7,1,291
2,1,178
4,1,198
1,7,148
6,7,138
2,1,331
4,1,301
4,1,251
2,1,306
6,1,218
6,1,143
4,1,120
8,1,93
5,1,145
6,3,105
7,1,100
3,6,128
4,1,98
5,1,97
2,1,100
5,1,273
2,1,209
4,1,220
3,1,144
3,1,185
3,1,150
3,3,155
5,1,170
3,1,144
5,1,136
3,1,202
2,1,158
2,1,169
1,1,260
5,7,493
5,1,1691
2,3,208
3,1,891
5,7,823
5,1,1133
1,1,620
1,1,330
3,7,206
7,7,327
5,1,555
3,1,595
2,1,459
2,1,480
1,1,664
2,1,177
3,1,169
7,1,177
3,1,437
1,1,490
6,1,1110
5,3,400
4,2,610
4,1,217
1,1,145
4,1,402
5,1,255
4,7,259
2,1,233
1,1,248
4,6,482
3,1,512
6,1,665
3,1,784
4,1,188
7,3,155
1,1,518
1,3,100
3,3,200
1,1,854
3,1,919
1,3,199
1,1,259
2,1,210
2,1,205
2,1,105
2,3,180
3,1,83
4,1,60
6,1,60
5,1,70
3,1,90
6,1,80
4,1,20
5,1,20
10,1,30
6,1,50
7,1,50
6,1,50
1,1,70
4,1,120
2,1,122
1,1,157
3,1,116
5,1,126
5,1,136
2,1,106
4,1,146
4,1,166
4,1,136
4,1,174
4,1,33
5,1,43
2,1,38
3,1,63
5,1,32
3,1,43
5,1,43
1,1,32
4,1,53
2,1,63
6,1,83
3,1,63
7,1,85
10,1,145
4,1,85
6,1,85
7,1,120
8,1,125
3,1,112
5,6,155
4,1,135
6,1,95
4,1,115
4,1,95
1,8,70
2,1,139
8,1,129
6,1,121
3,1,137
1,7,75
6,1,99
5,1,131
3,1,72
3,1,72
6,1,130
2,1,121
2,1,58
3,1,241
2,1,83
6,1,90
5,1,250
1,1,83
7,1,115
4,1,70
4,1,180
2,1,184
3,1,440
1,1,51
4,1,248
1,1,149
5,1,435
2,1,155
3,6,355
1,1,260
4,1,418
5,1,370
1,1,150
1,1,110
7,3,155
1,6,145
2,1,143
5,1,173
5,1,93
2,1,153
9,1,123
2,1,65
2,1,86
2,1,123
3,1,186
5,1,206
1,6,246
1,1,203
2,1,139
2,1,132
3,1,163
1,7,108
4,6,165
5,1,220
2,1,210
1,1,170
4,1,151
7,1,105
2,1,100
2,1,54
2,1,221
2,1,97
3,7,97
1,1,122
2,1,107
3,1,361
7,1,162
2,1,221
4,7,95
3,1,231
8,8,100
2,1,182
3,1,625
5,1,585
5,1,833
4,7,675
7,1,650
5,1,775
5,7,357
2,1,450
5,7,380
4,7,367
5,7,353
1,1,351
4,1,593
1,1,400
4,4,558
2,1,821
6,6,373
4,7,1089
6,1,1166
5,1,300
4,1,1101
5,1,388
2,1,378
6,1,426
1,3,510
2,1,568
4,1,998
3,3,523
8,3,695
5,1,1195
4,1,578
4,1,755
5,1,1085
1,1,740
3,7,830
2,1,790
3,1,374
4,7,693
3,1,584
3,1,1030
5,1,1710
1,1,753
4,2,568
2,1,1345
4,1,1145
3,7,1562
4,1,1308
2,1,1148
4,2,1685
8,1,2120
4,7,2040
4,1,2190
2,1,1134
6,1,2715
2,1,1032
6,7,695
4,7,871
1,7,520
3,7,577
4,5,1610
4,1,1817
4,1,642
3,3,1151
2,7,495
3,1,2255
5,7,1603
5,1,1315
5,3,470
4,3,555
4,3,318
9,1,692
1,1,300
6,7,301
4,1,682
3,4,3583
1,7,743
4,1,746
1,7,545
2,3,598
3,3,926
3,3,913
3,3,743
3,7,792
6,1,530
3,3,931
7,3,640
4,5,500
3,8,500
2,8,710
3,2,523
3,1,1203
3,1,1003
4,1,273
4,1,260
4,3,488
5,7,333
4,3,610
1,3,363
4,3,311
9,1,620
1,1,381
3,1,485
5,1,1119
6,1,696
1,7,599
1,1,670
5,7,563
5,7,483
4,3,1283
5,7,435
3,1,900
3,1,1298
3,1,974
5,1,413
5,7,5079
6,1,1005
4,1,1231
6,1,1775
3,3,385
5,1,1257
5,1,963
4,3,948
4,1,908
3,7,855
2,1,565
5,7,568
1,1,504
3,1,449
2,1,514
4,1,1124
4,1,598
4,7,1123
4,1,918
2,1,1338
2,3,853
3,2,1123
4,1,1083
2,3,893
5,1,1876
4,1,1935
1,1,1506
4,3,1316
3,1,211
2,1,372
5,1,397
4,7,577
9,2,1614
4,3,222
3,1,930
2,1,612
8,1,703
1,1,455
4,1,350
5,1,350
4,1,448
5,1,240
2,1,2615
2,2,3225
4,1,392
5,7,458
3,7,556
3,1,413
3,1,568
4,1,576
5,1,638
3,1,933
4,1,926
8,1,688
4,1,309
7,7,497
1,7,351
3,7,275
1,2,1079
5,2,1659
1,7,455
1,1,1058
4,7,1203
2,7,1116
3,1,1150
3,1,698
5,1,1053
2,1,1078
1,3,565
6,1,423
4,1,1323
5,1,421
4,2,389
3,2,423
7,1,641
3,1,1093
5,6,263
1,1,378
1,1,320
1,7,258
2,1,390
2,1,713
3,7,603
2,1,751
3,7,598
3,7,403
3,1,773
2,3,728
4,1,817
2,7,655
2,7,935
5,7,523
1,1,1175
3,1,2308
2,1,503
3,3,413
3,1,653
3,1,718
5,1,2323
4,1,483
2,1,1403
3,1,1391
3,1,529
3,1,565
4,1,992
4,1,823
4,1,871
1,1,1092
6,3,783
5,5,1413
3,3,1088
3,1,285
2,1,1228
1,1,663
1,7,1103
5,7,1720
4,3,1113
5,5,1163
2,1,664
3,1,1890
4,1,1624
7,3,1098
3,3,1673
3,7,1080
3,1,1213
5,3,748
1,3,454
3,1,1390
4,1,1120
4,2,933
5,7,499
3,1,603
3,1,1088
5,1,244
4,1,664
5,7,1180
3,5,1143
3,2,1128
2,1,254
1,3,603
2,5,1648
3,1,1513
3,3,693
3,3,305
2,1,546
7,1,415
2,1,690
2,5,276
2,1,1707
2,1,703
4,1,964
2,3,828
3,3,748
4,1,760
3,7,473
4,1,1358
3,1,2230
4,7,1328
3,1,2154
4,1,1215
5,1,2070
4,1,883
4,1,1155
3,1,1122
3,7,918
4,5,968
2,3,583
3,3,853
5,1,1465
3,1,418
2,1,802
3,7,702
2,1,1613
2,3,929
3,3,933
2,1,898
2,7,868
4,3,953
4,1,1383
3,7,723
5,1,1513
2,3,735
6,1,1618
6,1,1715
3,1,1577
4,1,1681
2,3,339
2,1,520
2,1,133
3,1,2272
3,1,1892
2,3,511
3,1,673
3,1,2163
3,3,1028
4,3,898
6,1,1765
1,1,330
5,2,255
3,7,643
5,1,648
1,5,245
2,3,555
4,1,343
5,1,1425
4,7,1153
2,1,1653
1,3,469
3,3,928
6,7,1238
3,1,2079
3,1,1684
6,7,933
3,1,1731
2,1,2650
3,1,396
6,3,453
4,1,707
2,1,310
4,7,316
3,3,603
3,1,575
4,1,636
2,2,1158
3,1,1228
1,3,1172
4,5,1423
2,1,1643
5,1,1148
4,7,550
2,1,492
1,3,291
4,1,293
5,2,377
1,1,535
1,1,826
1,1,677
2,1,1242
2,3,1068
1,1,1617
1,1,827
2,3,718
3,1,915
1,3,903
2,3,348
4,1,905
2,1,730
3,2,943
3,1,980
3,7,1077
4,1,1003
3,1,1587
3,7,1183
5,7,691
1,3,353
3,1,1598
4,7,735
3,4,685
1,5,350
1,5,300
5,3,930
3,1,874
3,7,2070
2,1,618
1,7,335
2,7,1111
2,1,653
3,1,390
4,7,1135
2,1,660
4,2,758
2,1,398
3,1,1323
5,1,1196
1,1,507
1,1,396
3,7,625
2,3,508
1,1,904
3,3,563
4,1,1728
4,1,1086
1,1,873
2,1,1173
5,1,933
2,7,1552
4,7,569
3,3,557
3,1,1226
2,1,370
1,3,815
3,1,1124
2,3,583
3,3,1123
3,1,443
6,1,644
4,3,1070
4,3,1359
1,1,578
6,1,1905
3,1,1220
1,7,867
4,1,1418
2,7,1305
3,7,1613
1,1,1211
1,6,578
5,7,1043
6,7,698
6,1,846
4,1,1271
1,7,440
1,1,1549
3,1,1655
4,7,870
4,7,1198
3,1,1323
3,3,631
4,1,920
3,1,758
3,7,1718
1,3,1474
2,1,1103
4,5,1475
4,1,1567
1,3,407
1,7,2143
2,1,1090
3,7,1123
2,1,1832
2,1,1650
5,3,1223
6,1,1716
3,1,1695
4,1,860
2,1,1609
2,1,508
5,1,1325
6,3,828
1,3,523
4,5,918
5,3,336
6,7,492
1,1,254
1,1,1370
1,7,1075
1,7,984
2,1,1350
3,1,1121
4,1,522
3,1,698
4,7,415
3,7,598
2,1,1645
3,3,226
5,1,2075
4,7,1024
5,5,1643
3,1,2438
4,7,1126
1,8,888
2,1,1679
1,1,1334
1,3,874
1,3,540
3,5,1741
3,1,605
1,1,635
5,7,440
3,1,1294
6,1,1627
2,1,1075
6,1,1145
5,1,1443
3,1,1223
4,1,1203
2,1,815
4,7,1643
4,1,1586
5,3,507
6,1,700
4,5,1138
5,2,2216
2,1,1151
5,3,903
2,1,542
5,5,1070
1,1,1375
3,1,1010
2,3,960
1,1,1175
6,3,608
2,1,1605
1,3,360
4,7,840
1,1,541
3,3,670
3,3,275
2,1,148
6,3,285
1,1,541
2,1,916
4,2,462
3,3,312
1,3,361
1,1,443
2,7,1153
1,1,523
1,1,1255
5,7,1060
4,1,860
2,1,384
1,7,1240
1,1,599
2,7,584
4,5,2654
3,1,1133
4,1,1320
3,1,1774
2,1,1278
4,7,1603
3,3,894
3,3,344
5,1,1855
5,7,593
7,3,698
4,1,448
2,1,1840
3,1,918
5,1,899
3,5,558
8,2,923
5,7,883
4,1,790
4,3,1045
2,1,698
5,3,936
3,1,587
3,7,814
4,1,938
4,3,1358
2,3,1013
5,1,3277
3,3,1024
1,7,345
1,3,353
6,1,662
2,3,643
5,3,1309
2,3,1580
4,1,729
4,1,433
3,3,562
6,3,1187
2,3,293
3,3,533
4,3,512
4,1,488
4,1,359
4,1,763
1,1,559
7,2,594
5,1,425
5,1,708
5,7,923
4,3,815
3,3,826
4,3,1175
2,1,566
1,7,130
4,1,555
1,1,297
2,3,460
2,1,563
3,1,415
5,1,651
4,1,1339
5,7,1147
1,7,527
1,7,599
3,7,681
5,7,678
4,1,1293
3,1,1123
4,7,635
3,1,1119
4,1,774
4,6,446
1,7,548
2,7,448
4,7,497
1,7,483
4,1,1163
4,1,940
1,7,244
3,7,583
2,7,431
1,7,610
2,1,671
2,1,558
2,7,985
4,1,1071
4,1,588
2,1,558
5,1,1659
1,7,554
4,2,1116
1,1,445
1,1,1056
2,1,355
3,3,825
5,1,1628
3,1,1153
4,1,949
4,7,623
8,1,1235
3,1,453
4,2,1373
3,3,639
2,1,1630
5,2,1905
2,3,714
2,1,3283
2,1,880
4,5,1478
2,1,1280
1,7,1091
2,1,879
3,1,1753
4,1,1800
2,1,1787
2,1,1107
3,3,1735
2,1,2145
3,1,2154
3,1,2129
2,1,3225
2,1,4197
2,7,1347
2,1,4220
2,1,4210
2,1,5275
4,1,4325
1,7,8200
3,1,2728
5,1,4267
4,1,1785
3,3,6200
3,1,5194
4,6,4271
2,1,5440
4,1,8285
5,1,4768
1,7,1663
4,7,2185
2,1,4255
4,1,8240
2,3,830
4,1,1145
4,1,1046
1,7,1128
5,3,898
4,1,5170
2,1,1529
3,1,3725
2,1,2765
2,1,3243
1,1,2663
2,6,493
2,5,1220
1,5,1145
2,1,1250
1,1,3686
4,1,3766
5,3,1225
1,3,570
3,3,2805
1,5,1191
2,7,1210
3,7,1111
4,1,2302
2,1,1988
3,3,533
4,2,1654
4,1,1745
1,1,2815
2,1,2624
3,3,795
3,1,1325
1,3,1218
4,5,2183
3,3,2275
4,3,1680
1,3,1485
5,5,1599
2,1,2225
1,1,3296
1,7,2080
3,4,776
3,5,1800
3,1,960
2,5,1375
3,1,2780
2,1,3335
4,1,14240
2,1,2195
6,7,2428
3,1,2689
1,7,788
4,3,2250
3,1,2266
1,3,633
1,1,2640
3,1,3238
1,7,3205
1,1,7161
1,7,1165
7,1,8335
4,1,4215
3,5,2145
4,1,2710
1,7,1608
2,1,3148
2,1,2122
3,3,1453
2,5,1529
6,1,1991
2,1,2329
4,1,2715
4,1,2180
5,1,2385
1,1,578
2,1,937
4,1,893
2,1,2138
5,1,1730
3,1,1664
2,1,653
1,3,1534
4,3,2195
3,1,2378
2,3,1655
2,1,1195
2,3,1473
4,1,1655
3,3,1553
1,5,1010
1,5,1080
3,3,1205
2,1,1018
2,1,3722
2,3,1099
1,5,1569
2,5,2201
3,1,1621
3,1,1382
3,1,2173
2,1,2260
2,1,2199
3,3,2098
3,3,1670
3,5,2100
1,1,2153
4,1,1358
2,7,853
2,1,1728
1,1,793
1,1,835
4,3,1090
4,1,580
2,1,2130
3,6,313
4,1,1715
4,1,920
2,1,1586
4,1,590
2,1,1652
3,3,1243
2,3,1157
3,1,2118
5,7,820
1,7,738
2,3,838
5,3,1992
1,1,717
2,5,993
2,3,1133
3,1,3185
5,1,1995
1,5,1125
1,4,695
2,1,885
5,5,1353
1,1,2093
2,1,3629
1,7,278
6,1,1233
4,3,993
1,1,963
2,1,2022
2,1,2310
1,3,793
1,5,675
4,3,1609
6,5,2203
3,1,3790
1,1,1938
3,1,1700
1,3,360
3,5,968
4,7,1250
4,7,1584
3,1,848
4,3,1623
5,1,1709
4,7,606
2,5,1113
1,1,1089
1,7,950
2,1,1075
1,1,559
3,1,1803
6,1,2056
3,1,2703
4,3,1728
3,5,1373
5,1,2120
2,1,4350
4,1,2256
1,3,1530
1,6,782
4,3,1823
4,2,7246
3,1,2330
5,1,2204
1,1,3643
1,3,1530
4,1,3238
3,1,2233
3,3,2030
3,2,2193
3,7,2235
3,3,2780
4,1,1803
1,5,235
3,5,2685
3,5,1663
4,1,2301
2,1,433
3,3,908
3,5,3173
4,5,2243
3,3,2349
4,1,3733
5,7,1416
3,1,2068
2,1,2653
3,1,2201
4,1,1236
3,1,1323
3,3,773
5,3,993
3,1,1630
3,4,868
4,3,3363
4,5,2633
4,1,2046
4,5,1720
4,3,2475
4,1,2241
2,1,1536
2,7,1101
4,1,2147
1,7,583
3,3,1025
3,5,2232
3,1,1373
3,5,7210
3,3,1223
4,5,2178
4,3,2013
5,3,1078
3,5,878
3,1,1190
1,5,542
1,1,1065
1,1,718
2,3,2278
5,5,773
3,1,583
3,3,1153
3,7,582
2,7,768
4,7,1000
3,7,923
1,7,513
4,1,1178
2,1,2036
4,3,796
2,1,480
2,5,643
3,1,607
3,1,519
5,1,3255
4,1,1432
4,1,1318
2,1,1149
3,1,975
3,2,2243
3,1,1585
2,1,1636
4,3,1073
2,7,893
2,7,1636
4,3,578
3,1,2060
1,7,356
3,3,1310
3,3,1165
1,7,562
3,7,2659
1,7,825
1,5,305
4,5,1545
1,5,1155
1,3,495
3,1,1307
1,3,2645
1,3,2190
3,1,2746
3,1,2848
6,5,580
1,1,2263
1,1,2250
4,3,2418
3,1,3503
2,1,2385
4,3,2997
2,6,1298
3,1,10485
2,1,6352
3,1,9438
2,1,9474
3,5,5240
1,3,928
4,1,5242
2,7,1679
3,1,4227
1,5,1604
3,1,4203
2,1,2154
1,1,2360
1,1,1906
7,3,3427
2,1,3374
2,7,605
3,1,2145
2,1,2489
2,1,1295
3,1,673
1,7,1100
3,3,3718
2,1,2240
1,3,2904
2,1,5145
3,3,1269
1,1,2743
3,3,2275
1,3,2232
2,3,1723
1,3,1685
1,3,1715
1,1,1735
4,1,4464
1,3,2320
4,3,2420
3,3,1800
1,3,2843
1,1,2183
1,1,2223
1,1,2173
2,3,2263
3,1,3310
2,3,3373
3,1,4050
4,3,1530
5,3,1994
2,1,2205
2,1,2178
2,5,2143
1,5,2039
2,1,1080
1,3,1908
4,5,1694
4,5,2193
3,4,705
2,4,740
2,4,820
4,1,1170
1,7,598
1,1,930
1,1,773
3,3,1070
1,3,600
3,1,1699
1,5,1622
2,1,1630
2,1,1850
4,1,1671
2,1,628
5,1,2278
4,1,1682
4,1,1215
2,1,1242
5,3,1156
3,1,1936
2,1,1983
2,1,1356
1,3,883
2,1,210
1,3,381
4,5,1283
2,7,353
4,5,426
5,5,876
2,5,1330
6,1,2735
5,3,498
2,3,318
5,3,873
4,3,1620
1,1,59
5,7,143
3,7,209
2,7,152
6,1,910
6,2,415
2,1,188
4,1,243
5,1,152
1,7,79
8,1,204
5,1,375
3,7,174
2,1,322
3,1,571
2,1,705
9,3,385
4,3,800
1,1,494
4,1,597
3,7,313
2,1,236
3,7,392
4,3,567
2,1,707
6,1,221
4,1,332
5,1,408
3,1,254
4,1,421
2,1,184
5,1,624
5,1,254
3,1,241
5,1,252
4,1,352
3,7,298
2,1,155
6,1,205
2,1,199
2,1,250
2,7,356
1,6,296
6,2,340
4,1,713
7,1,268
4,1,613
3,7,237
3,7,210
2,1,251
5,3,295
3,1,253
3,1,268
3,1,383
3,1,365
2,1,362
2,1,448
7,1,345
3,7,216
7,3,175
2,7,160
4,7,265
2,3,366
3,1,430
6,1,415
3,3,460
2,1,263
6,1,363
4,1,271
6,3,363
1,7,249
5,1,462
7,7,275
1,7,120
2,7,180
2,7,281
3,2,275
7,1,333
2,7,180
5,1,208
1,7,62
4,7,220
1,7,103
2,1,149
5,7,234
3,1,305
3,7,279
4,1,304
6,1,313
7,1,335
4,1,263
2,7,266
1,7,213
3,1,305
3,1,257
3,3,309
5,1,264
7,7,514
6,7,295
3,1,477
1,1,330
4,1,655
5,1,751
3,1,908
3,7,555
6,3,294
5,5,502
8,3,274
4,1,598
4,1,1195
6,7,605
3,7,422
7,3,635
2,1,270
3,1,420
4,1,259
3,1,299
3,7,446
1,1,470
3,3,360
3,1,591
5,1,501
1,6,380
5,1,509
5,1,443
2,7,468
3,7,247
2,1,248
4,2,346
5,1,355
8,1,1091
3,1,283
3,7,398
3,1,365
4,1,533
3,7,283
5,1,265
5,7,268
5,1,287
5,1,607
6,1,366
5,1,272
4,1,158
5,1,318
3,1,359
4,3,337
5,1,490
4,1,553
2,1,262
3,1,759
4,3,230
3,1,420
3,1,303
5,1,353
1,1,288
6,1,287
3,1,314
2,3,198
5,1,282
3,1,209
4,1,392
2,1,259
3,1,266
1,1,253
7,7,265
4,1,187
3,1,313
5,7,390
3,8,175
5,1,208
7,7,243
8,1,291
2,7,228
3,7,228
2,1,228
6,1,288
4,1,280
1,1,90
4,1,660
11,1,610
3,1,435
2,1,255
4,7,351
2,1,360
2,1,265
6,1,130
2,1,160
3,1,174
2,1,178
4,1,325
4,7,161
3,7,280
4,3,323
4,1,498
3,1,609
3,7,412
2,1,435
3,1,301
3,1,393
4,1,273
2,3,391
4,1,355
5,1,460
4,1,503
3,1,623
1,1,383
3,1,467
4,1,362
5,1,772
5,6,45
4,3,365
4,1,373
3,3,285
1,1,293
4,1,235
4,7,285
5,1,283
6,7,258
5,1,253
1,1,246
6,3,244
3,7,256
1,1,228
2,1,260
2,7,260
3,1,283
6,1,648
5,5,475
5,3,552
6,1,475
3,7,295
7,7,295
5,1,410
6,1,426
5,1,383
2,1,353
5,7,355
4,1,285
3,1,305
4,1,358
4,1,650
2,2,590
2,1,859
3,1,544
1,1,296
5,1,525
2,2,604
3,1,643
1,1,261
5,1,625
6,7,683
7,1,404
2,7,267
4,5,633
4,1,602
2,7,286
5,7,370
6,1,617
3,1,915
5,7,528
4,3,963
5,7,1111
5,5,15214
2,1,331
4,3,482
2,1,692
2,5,15053
4,1,1422
1,1,577
4,3,522
1,7,141
5,1,407
2,7,270
4,1,526
1,7,267
3,7,231
1,7,210
3,1,630
2,1,1590
5,3,1090
4,1,593
5,1,362
4,1,843
4,1,637
2,1,297
2,7,839
7,1,396
3,7,725
2,3,835
4,1,590
2,1,238
4,7,242
5,7,145
1,7,215
7,1,451
5,5,605
6,1,555
2,1,669
2,3,1041
1,3,458
3,1,352
5,3,603
7,1,628
1,3,365
5,1,560
3,3,441
7,1,630
4,3,263
6,1,230
3,1,408
3,1,357
1,1,281
3,7,312
5,7,336
1,1,360
5,1,582
1,3,300
3,3,185
3,3,386
4,3,345
1,3,380
5,3,310
2,1,2114
1,3,180
5,3,617
9,5,406
2,7,562
5,3,495
4,1,560
2,1,347
1,1,419
2,3,463
1,7,190
5,7,298
3,1,320
4,1,363
4,1,285
3,1,368
5,1,590
4,1,275
2,1,571
4,1,363
1,1,350
2,2,436
2,7,163
2,7,150
4,1,377
4,1,476
4,1,151
5,7,270
4,1,385
4,7,204
1,3,145
1,3,122
10,3,275
4,3,153
5,3,515
2,1,305
3,3,280
4,7,263
6,1,293
5,1,290
3,5,378
5,1,640
7,1,1086
3,1,268
3,7,285
5,1,360
2,1,580
5,1,862
5,1,1524
8,1,510
2,1,130
3,1,154
1,1,67
4,1,97
5,1,134
1,5,138
1,7,132
3,1,80
2,1,94
9,1,236
4,1,143
1,7,146
3,1,1255
4,1,550
3,1,800
3,1,1855
1,1,110
1,6,1127
2,6,80
1,5,525
4,1,415
4,3,495
1,1,425
1,1,390
4,1,251
2,1,265
2,7,85
5,1,217
2,1,99
4,1,260
3,1,99
8,1,423
3,1,173
1,1,178
3,1,270
4,1,245
2,1,598
4,1,897
4,1,378
1,7,168
6,3,596
3,1,357
1,1,596
1,7,289
5,1,1093
1,1,2162
5,1,1913
1,3,740
2,3,280
4,1,855
3,7,363
2,1,280
4,1,271
4,1,460
3,3,292
2,3,146
4,3,208
4,1,181
8,1,224
2,1,127
1,1,108
3,1,65
2,1,147
1,1,47
1,1,50
8,1,50
7,1,160
5,1,95
6,1,80
8,1,74
1,1,140
2,1,42
1,1,60
1,1,55
1,1,50
1,1,20
2,1,96
3,1,65
4,1,35
2,1,67
7,1,93
1,1,67
3,1,99
4,1,205
1,1,110
3,7,99
2,1,110
3,7,85
6,1,107
5,7,170
5,1,109
5,7,75
1,7,68
5,1,70
1,1,68
3,1,115
5,1,124
4,1,243
1,1,122
2,1,108
5,1,114
5,1,106
2,1,158
3,1,103
5,1,158
4,1,151
5,1,82
2,1,53
6,1,143
1,1,124
2,1,82
1,1,75
2,1,95
4,1,56
3,1,125
3,1,83
2,1,87
2,1,116
5,1,86
3,1,57
2,1,53
4,1,95
1,1,20
2,1,105
1,1,20
2,1,100
2,1,83
1,1,95
4,1,20
2,1,93
6,1,185
2,1,85
5,1,151
1,1,255
6,1,145
6,1,124
2,1,48
2,1,66
5,1,124
6,1,276
2,1,96
2,1,616
2,1,210
3,1,425
2,3,215
1,1,373
4,1,380
3,7,300
4,7,270
1,1,209
3,1,157
4,1,315
5,1,295
3,1,205
5,1,150
4,1,110
2,1,106
3,1,108
2,1,73
4,1,93
2,1,263
1,1,73
9,1,110
1,1,105
6,1,87
4,1,81
2,1,441
4,1,376
5,2,323
2,7,312
4,1,352
2,1,401
6,1,729
5,1,201
7,1,333
1,1,153
4,1,470
3,1,388
1,1,244
1,1,290
1,1,265
1,1,236
5,2,164
2,1,183
5,2,234
1,1,60
3,1,112
6,3,114
3,3,122
1,1,142
6,1,68
1,1,35
3,1,92
4,1,96
8,1,178
6,1,100
2,1,64
4,1,58
5,1,135
5,1,125
4,1,122
2,1,106
3,1,127
4,1,168
6,1,113
1,1,61
1,1,48
2,1,47
2,1,127
1,7,77
4,1,68
5,1,20
3,1,40
1,1,63
3,1,76
2,1,89
2,1,96
2,2,140
3,1,95
2,1,100
2,7,185
1,1,65
2,1,39
3,1,75
2,1,101
2,1,95
2,1,101
4,1,96
1,1,80
4,1,242
2,1,54
1,1,102
4,1,114
5,1,110
1,1,63
2,1,214
1,1,141
2,7,126
2,6,616
5,6,650
6,2,700
4,2,717
4,3,427
7,6,427
4,6,324
4,6,454
3,6,84
3,6,124
2,7,61
5,6,624
9,1,113
2,1,73
3,1,101
3,1,150
1,6,110
4,1,126
2,1,85
3,1,238
2,1,69
6,1,75
2,1,64
6,1,450
3,1,76
1,1,42
2,1,58
3,1,56
3,1,110
3,1,135
5,1,77
2,1,75
6,1,107
1,1,102
3,1,77
3,1,67
1,6,231
1,1,112
1,1,174
3,7,168
1,1,73
1,1,72
1,1,94
2,1,122
2,1,96
2,1,225
2,1,70
2,1,100
2,1,67
1,1,65
2,1,140
2,1,67
1,1,330
1,1,95
1,1,165
1,1,150
1,1,227
5,1,68
5,2,104
1,7,67
3,1,108
2,1,97
1,1,59
3,1,62
2,1,111
3,1,73
2,1,92
2,1,39
4,1,65
2,1,100
1,1,63
2,1,56
6,1,206
4,1,10
5,1,427
4,1,250
7,1,117
4,1,106
2,1,50
4,1,275
3,1,310
4,1,250
2,1,50
7,3,145
9,1,203
1,1,109
3,1,105
3,1,164
6,1,570
2,1,357
8,1,230
2,1,235
3,1,520
7,1,125
1,1,172
2,1,345
6,1,210
4,1,60
4,1,78
4,1,110
3,1,100
2,1,260
4,1,210
1,1,50
3,1,90
5,1,140
3,1,110
4,1,107
1,1,20
4,1,40
3,1,65
8,1,63
3,1,39
1,1,41
1,6,80
3,1,78
3,1,70
4,1,46
4,1,60
1,1,85
3,1,130
1,6,72
1,1,108
1,1,90
3,1,80
2,1,80
4,6,183
2,1,35
1,1,52
3,1,35
8,2,95
3,1,53
2,1,37
2,1,44
7,1,125
1,6,230
1,1,65
5,1,67
3,7,95
6,1,65
3,1,75
6,1,100
3,7,70
1,1,99
2,1,175
2,1,147
7,1,188
1,1,107
3,1,202
3,1,152
10,1,217
1,1,55
2,1,72
7,1,187
2,1,73
1,1,1012
7,1,122
5,1,227
5,1,201
6,1,162
2,1,145
4,1,85
4,1,159
4,1,282
4,1,636
3,1,309
4,1,216
1,1,79
1,1,123
4,1,255
4,1,132
3,1,98
5,1,64
1,1,30
5,1,62
1,1,87
2,1,80
4,1,95
1,1,108
4,1,65
8,1,87
1,1,50
3,1,30
4,1,158
5,1,95
1,1,68
2,7,35
1,1,145
1,1,95
3,1,97
4,1,105
1,1,135
5,1,178
2,1,86
2,1,60
2,1,59
1,1,45
1,1,93
6,1,136
2,1,69
2,1,81
2,1,68
3,1,74
2,1,20
3,1,25
2,1,38
3,1,45
4,1,47
2,1,105
3,1,98
6,1,118
3,1,105
7,1,68
1,1,28
1,1,35
3,6,77
4,1,126
2,1,1701
3,6,132
4,6,424
1,6,213
6,1,595
3,6,113
3,1,503
2,1,356
1,6,423
1,6,257
9,1,285
4,1,667
5,1,980
7,1,692
4,1,181
3,1,363
5,1,235
6,1,192
3,1,353
6,1,208
5,1,743
5,1,264
2,1,326
2,1,139
3,1,360
4,1,332
1,1,229
5,1,282
3,1,605
3,1,470
4,7,135
7,1,489
4,1,462
2,2,347
2,1,345
3,7,238
3,7,241
6,1,607
12,1,605
2,1,568
4,1,568
4,1,158
2,1,481
8,1,308
2,1,365
1,3,353
2,1,568
1,1,258
1,7,860
4,1,371
6,1,912
2,1,380
5,1,635
5,1,660
4,1,260
3,1,893
4,1,570
6,2,264
4,3,198
1,6,150
2,1,93
3,1,150
3,6,397
2,1,355
9,1,785
9,1,565
3,1,374
4,7,453
1,1,238
5,1,264
3,7,247
5,1,303
5,1,505
4,1,469
5,1,477
7,1,421
5,1,323
4,1,264
4,1,225
3,1,261
2,3,440
5,1,611
3,1,274
4,1,315
5,1,375
5,1,160
7,1,252
5,1,218
5,1,355
3,1,259
4,7,250
4,1,250
4,1,256
1,1,208
3,1,695
9,1,223
5,1,268
1,7,352
3,1,295
3,1,173
3,1,223
6,1,223
2,1,273
4,1,223
2,7,214
5,1,276
11,3,427
8,1,420
4,2,278
4,1,226
5,1,530
5,1,217
4,7,369
4,6,270
1,7,131
5,1,226
2,7,108
5,1,208
5,1,295
4,1,288
1,3,267
9,1,182
1,7,173
4,1,117
5,1,242
4,1,360
4,1,174
5,7,223
2,1,163
2,1,662
7,1,1145
4,1,245
1,1,268
4,7,235
3,1,238
7,1,111
2,1,126
1,7,198
6,1,336
3,3,270
2,1,212
4,1,395
8,1,510
1,1,148
1,1,138
2,1,1041
1,1,551
4,1,901
6,1,276
4,7,283
1,1,633
4,7,350
8,1,480
3,3,458
6,1,490
3,3,195
3,1,780
7,1,269
3,6,597
6,1,409
5,1,233
4,1,293
6,1,283
3,3,280
2,1,352
3,1,256
5,7,397
5,1,415
3,1,160
3,1,103
3,2,458
3,1,149
3,1,391
3,3,125
3,1,504
4,1,272
3,7,820
7,7,341
3,1,605
5,7,2110
2,1,636
4,1,886
7,3,387
6,1,249
6,1,435
3,6,198
3,1,206
5,1,570
7,1,482
5,1,275
5,7,975
3,1,398
3,1,557
7,1,477
4,1,255
6,1,675
4,1,620
2,1,445
4,1,485
3,2,969
3,1,2590
1,7,349
2,2,110
2,1,193
1,7,291
6,1,385
1,8,292
4,7,659
3,6,163
4,3,262
1,1,182
2,1,862
5,1,364
3,1,243
3,7,248
2,7,243
2,1,548
3,1,451
2,1,553
4,7,253
3,1,234
2,1,596
2,1,554
2,1,846
5,2,544
4,2,628
3,1,890
4,7,264
6,7,407
5,2,593
5,1,940
5,1,421
4,1,566
2,7,303
6,1,846
1,7,176
4,6,363
3,3,373
3,3,339
7,3,242
3,7,267
6,7,236
1,6,295
5,1,1598
4,1,660
4,3,320
2,7,251
5,3,1110
3,1,903
3,7,1084
2,1,443
2,3,304
3,7,249
1,7,350
5,1,1165
4,1,483
4,1,1561
2,1,683
5,1,948
5,1,614
6,7,362
1,1,1058
3,1,761
4,1,565
5,1,1015
6,1,560
3,7,436
4,7,775
3,3,578
7,1,258
2,1,203
6,1,173
4,1,267
4,1,448
3,7,313
3,1,475
6,2,190
3,1,197
4,2,243
6,1,133
4,1,575
5,1,888
2,5,568
2,3,396
4,7,320
4,7,382
2,1,363
3,1,333
2,1,237
1,7,228
3,1,355
6,1,1150
5,1,1155
5,1,918
2,1,560
6,1,633
6,1,414
3,7,278
3,3,288
3,7,588
5,3,503
5,7,600
7,3,588
5,1,620
4,7,588
2,1,357
5,1,882
5,1,1670
3,3,1460
5,7,650
1,7,383
1,1,468
3,7,518
5,3,358
4,7,237
2,7,300
2,1,350
8,1,304
1,1,251
3,1,347
4,7,405
3,1,582
3,7,576
1,1,553
3,1,588
4,3,472
2,1,671
3,7,380
4,7,504
5,7,399
4,7,373
5,1,627
3,7,233
3,1,485
3,7,374
4,1,620
4,1,480
3,3,764
2,3,365
3,1,550
4,1,330
5,7,395
6,7,494
5,1,190
2,2,1038
9,1,1111
4,3,1145
3,1,650
2,1,363
7,3,545
3,7,1640
2,1,301
4,7,477
2,1,377
3,1,225
5,1,560
5,3,422
2,1,340
7,7,598
4,1,640
2,1,650
5,7,625
6,7,375
3,1,340
4,1,442
4,3,512
3,1,265
9,1,674
4,3,353
5,3,297
7,1,547
5,1,727
4,1,457
9,7,316
8,1,435
6,3,367
5,1,662
4,1,447
7,1,640
3,1,383
4,1,451
6,1,472
2,1,275
4,1,360
3,3,290
4,7,499
4,8,482
5,1,589
4,5,519
3,1,319
2,3,363
5,3,800
6,1,362
6,1,256
2,1,245
6,7,630
4,6,315
4,1,438
4,7,415
7,1,967
1,1,198
2,1,361
2,1,468
4,3,315
1,1,225
4,1,973
3,7,400
5,3,646
3,3,2175
5,3,319
6,1,509
4,3,433
6,3,735
3,7,373
3,1,665
5,3,1260
4,7,521
3,3,678
2,1,1125
2,1,690
7,1,2420
4,7,1641
7,2,2562
2,7,331
3,1,513
2,1,351
2,3,408
6,3,350
5,1,2080
3,7,380
3,1,554
4,1,579
4,3,578
2,1,474
2,1,360
4,3,625
4,7,471
5,5,1565
3,1,1698
2,1,240
2,3,256
4,7,257
4,3,273
6,7,290
4,1,361
4,1,385
4,1,398
4,1,288
3,1,241
4,1,349
4,6,315
7,1,377
5,1,317
4,7,382
2,3,270
1,1,257
5,1,317
4,7,327
2,7,332
6,1,287
4,3,665
3,1,269
4,1,530
4,1,610
2,7,535
2,1,234
4,7,1115
2,1,810
1,1,882
4,1,466
1,7,334
3,3,372
3,3,472
3,7,220
2,1,277
3,1,380
2,3,157
5,7,315
4,1,265
5,1,543
4,1,588
1,7,255
6,1,575
5,1,562
10,3,470
3,1,232
5,1,335
2,7,293
5,1,351
5,7,592
4,3,163
3,1,336
5,7,900
2,1,257
2,1,457
8,7,867
4,7,375
4,1,248
5,1,395
4,1,638
2,3,503
7,1,790
7,3,1151
4,1,1010
5,1,758
4,3,370
4,1,598
2,1,385
1,1,343
5,7,438
1,3,175
3,7,333
1,1,168
4,7,435
6,1,314
1,1,1275
5,1,158
3,1,254
2,1,214
1,1,270
4,7,305
3,7,223
4,7,223
4,1,313
3,1,645
1,1,313
5,7,768
4,7,448
1,1,460
4,1,330
6,7,320
1,1,395
3,1,373
4,1,602
5,1,404
1,1,265
6,1,286
1,1,255
5,1,365
4,7,236
5,1,459
1,7,465
3,1,228
5,1,300
4,3,310
2,1,205
5,1,161
4,7,308
2,3,265
3,1,266
4,1,605
3,1,270
3,1,230
3,6,263
5,1,148
3,1,584
3,1,800
2,7,1085
4,1,838
4,1,1184
5,1,925
8,1,518
2,1,414
3,7,284
5,1,1100
2,3,733
3,1,693
4,1,1460
2,1,603
9,1,1606
2,1,570
4,1,313
6,1,658
3,7,289
3,7,225
3,1,408
5,1,480
10,1,347
3,2,346
4,7,342
7,1,190
1,1,240
5,3,212
8,1,420
4,1,365
2,1,560
2,1,548
5,7,412
4,6,373
6,1,347
4,1,274
4,1,280
4,1,385
2,1,264
8,1,280
5,1,288
4,1,262
5,1,186
4,1,685
5,1,335
1,7,434
2,7,295
3,3,216
1,1,919
4,1,285
2,1,246
4,1,330
4,1,705
3,1,264
3,3,293
2,1,452
5,1,614
5,3,137
5,2,389
3,2,1221
3,2,1310
5,2,289
3,2,1612
4,1,351
3,2,438
7,2,412
2,2,1063
4,2,543
5,2,364
4,1,780
4,1,783
4,1,1046
3,1,553
5,3,868
6,1,908
4,1,845
3,7,123
4,1,255
5,1,358
2,7,253
3,1,493
5,1,1096
5,1,928
6,1,1579
3,1,874
2,1,1265
4,1,818
3,1,792
4,1,1095
6,1,890
4,3,356
7,1,1250
4,1,879
4,3,411
4,1,884
3,1,644
3,1,860
3,1,866
3,5,1145
3,1,1138
4,1,1358
6,1,650
3,3,555
4,1,1080
2,1,1140
4,7,615
6,3,1198
2,1,745
3,1,540
5,1,606
2,3,795
3,1,470
4,1,897
4,1,1150
3,3,796
2,7,634
4,1,505
4,3,885
5,1,706
4,1,413
2,1,382
7,1,445
4,1,619
6,1,890
3,3,404
4,1,787
1,1,538
3,3,223
5,1,275
5,1,415
1,1,393
6,1,865
3,1,630
2,1,250
2,3,360
2,3,278
2,1,373
8,1,1136
2,3,321
2,3,493
1,3,268
2,1,360
3,1,335
4,1,373
4,1,370
5,3,1023
3,1,669
5,1,699
5,1,784
1,1,1145
6,3,1075
3,7,1124
3,1,1199
2,1,840
4,1,1125
5,1,1085
5,1,1143
3,1,1052
4,1,1200
3,1,1222
1,7,340
3,1,1179
6,1,608
3,1,627
2,4,145
6,2,773
5,5,835
1,1,385
4,3,377
3,3,545
7,1,893
2,1,849
7,1,1155
7,1,1025
3,3,485
3,1,913
9,1,995
6,1,1160
2,1,969
3,1,1193
4,7,638
2,1,805
3,1,630
3,1,478
2,7,355
6,1,468
6,1,555
4,1,298
5,1,440
4,7,620
6,3,280
4,1,410
8,1,475
1,1,268
2,1,955
1,7,253
2,7,590
7,5,510
2,1,460
1,3,358
7,1,1230
4,3,372
5,7,2083
5,7,445
2,1,453
1,1,505
2,1,1129
2,1,617
3,3,343
4,7,765
4,7,433
6,7,385
3,1,394
5,1,322
5,1,385
4,1,608
3,1,615
4,1,193
4,3,600
4,7,345
6,1,380
1,3,255
7,1,1320
6,1,505
2,1,247
1,1,517
3,3,336
1,1,401
3,7,450
4,3,281
5,1,575
3,7,534
6,7,500
4,1,615
4,1,877
1,1,438
2,1,431
2,1,430
3,1,662
3,7,562
2,1,485
6,1,1110
3,7,405
5,1,1249
3,1,681
4,1,547
4,7,516
3,1,595
3,3,333
4,1,1640
4,3,605
5,1,500
3,1,523
6,1,397
3,1,720
3,3,1425
1,7,1138
2,1,1825
4,1,4320
3,1,1007
5,1,1742
3,1,1099
3,1,1670
4,7,1183
4,5,1695
3,7,1745
2,1,1394
10,1,1015
4,1,555
3,3,441
2,1,1209
7,3,1630
4,7,1683
7,7,760
4,1,2121
6,5,3163
1,1,3168
5,1,990
3,7,677
2,1,630
2,7,390
2,1,442
5,1,463
3,1,485
5,1,705
1,1,254
4,3,718
5,1,584
4,1,380
3,1,1490
1,3,455
1,1,261
2,7,318
2,1,621
3,1,299
4,1,1733
1,7,1479
3,1,680
7,1,1298
3,6,258
3,1,393
3,1,500
3,1,578
3,3,318
1,7,214
4,3,840
4,1,283
5,1,362
2,1,320
4,7,327
1,7,604
6,7,975
1,7,783
3,1,680
2,7,576
3,1,1610
4,1,523
3,1,558
5,1,710
2,3,670
4,7,645
2,1,390
1,1,1210
3,7,443
5,1,368
5,5,590
1,1,570
2,7,955
1,1,585
6,5,835
2,1,1080
4,3,428
5,5,1133
3,1,2260
4,1,1678
3,1,1650
6,1,855
5,7,783
4,1,388
3,7,436
5,5,1320
1,7,292
3,1,833
1,3,234
5,1,590
4,1,745
4,1,515
4,1,640
1,3,205
5,2,914
4,1,303
5,1,507
1,7,261
5,3,355
4,1,290
6,3,379
6,7,980
4,1,922
2,1,886
2,2,337
8,2,720
9,1,395
4,7,560
3,1,293
2,3,194
1,7,375
1,7,608
4,1,392
5,1,676
4,7,648
3,1,558
3,7,700
2,3,358
4,7,395
2,1,307
1,7,138
4,7,383
3,7,296
4,2,401
5,2,414
5,3,580
6,1,680
4,1,592
5,1,570
4,2,319
3,2,1157
2,7,580
1,7,65
2,1,372
3,7,911
6,1,521
2,7,362
2,7,375
4,7,431
4,7,513
5,7,359
1,2,130
3,6,260
10,1,437
5,7,323
3,1,379
4,1,411
4,1,517
1,1,348
2,3,100
3,5,484
3,7,795
4,1,1180
7,4,515
6,5,605
2,1,963
2,2,388
3,7,500
3,1,356
9,1,738
4,7,272
3,3,247
4,1,369
3,7,503
3,1,543
7,7,738
5,7,258
3,1,590
6,1,458
2,1,362
3,7,555
1,1,335
5,1,339
3,3,347
3,3,155
3,1,482
2,7,241
2,1,168
4,1,535
2,7,505
2,1,360
6,7,325
2,3,246
1,7,1103
5,1,660
2,1,1134
2,1,679
3,7,419
2,7,629
3,1,635
4,2,567
5,7,263
2,1,289
2,7,1310
3,7,1076
2,7,1313
5,1,1125
1,7,748
3,1,905
2,1,572
4,1,1648
5,1,1120
1,1,635
3,1,1193
4,7,961
5,7,4200
1,7,670
3,6,307
1,3,535
7,3,3260
6,3,1982
5,7,1933
4,1,1630
5,1,2680
3,1,1140
2,1,668
4,7,437
1,7,460
4,7,823
1,3,490
5,7,390
5,7,381
3,7,373
4,7,243
4,7,431
3,1,415
6,5,917
2,1,703
2,1,416
5,2,408
4,3,404
2,1,575
5,1,670
1,1,539
3,1,463
2,1,535
5,1,553
2,7,374
4,1,672
1,1,893
5,3,1653
2,7,608
1,6,149
3,7,635
3,7,1575
2,7,1685
3,3,655
1,7,390
2,5,10603
3,7,430
2,6,225
5,2,237
2,1,928
4,2,1313
2,1,330
6,1,700
4,3,703
2,1,406
1,2,466
6,1,402
3,1,354
4,1,550
6,1,497
3,1,370
8,1,422
5,7,455
2,1,346
4,2,331
8,2,656
2,3,316
2,3,279
1,3,270
6,3,402
3,1,429
5,1,443
3,2,173
3,7,229
2,3,172
4,1,218
3,1,375
4,1,270
4,1,308
4,1,191
2,7,165
3,1,163
2,1,188
3,1,256
3,1,373
1,1,166
1,1,116
1,1,168
1,1,393
4,1,198
2,1,443
3,1,433
2,1,203
3,3,163
1,1,320
4,1,432
7,1,328
4,1,281
1,1,343
3,1,288
3,7,463
5,1,357
2,1,272
2,1,593
3,1,383
5,1,1108
5,1,1078
6,1,230
8,1,488
4,1,275
2,1,271
3,7,208
3,1,400
6,7,160
4,2,387
5,1,298
4,1,374
3,3,224
3,3,169
6,1,437
6,1,437
4,1,333
3,1,263
5,1,298
9,3,290
5,1,300
4,7,288
5,2,324
4,2,403
3,1,365
3,2,395
2,1,275
4,3,304
3,3,323
5,3,345
6,1,490
1,3,236
3,3,289
3,3,218
1,3,301
2,1,303
3,3,529
3,3,256
6,1,271
3,3,271
3,3,325
3,1,674
4,1,412
1,7,327
2,1,281
5,1,268
4,1,317
1,1,228
4,7,363
4,7,358
2,1,445
5,1,501
4,1,500
3,1,368
5,1,516
4,1,302
3,1,385
1,1,383
4,1,402
1,1,341
6,1,596
4,1,662
6,1,324
4,1,320
4,1,283
4,1,263
5,1,523
5,1,425
3,7,363
4,1,188
4,1,253
1,7,135
8,1,535
3,7,203
3,7,200
2,1,293
5,1,271
3,1,405
3,7,175
3,1,260
4,3,263
1,1,220
1,1,200
2,3,208
2,1,160
2,3,238
5,1,469
2,7,205
6,1,360
2,1,358
4,1,298
4,7,415
5,1,454
3,1,333
9,1,501
4,1,335
5,1,335
3,7,323
2,1,378
3,7,230
4,1,480
1,3,195
4,7,343
1,1,290
5,1,295
3,3,163
3,1,295
6,1,330
2,6,723
1,7,523
6,3,682
4,3,194
3,2,485
5,1,457
1,1,445
4,6,401
1,1,50
3,1,460
4,7,570
1,6,112
5,1,682
3,1,821
3,3,672
4,5,732
1,1,317
3,1,545
3,1,705
3,3,633
2,1,377
2,3,596
4,3,622
5,1,764
3,3,336
1,3,274
3,3,573
4,7,289
3,1,597
6,1,568
9,1,657
1,1,403
6,3,650
4,1,301
3,1,810
4,1,750
3,7,353
2,1,393
6,1,323
4,1,423
4,7,246
2,7,134
2,2,564
4,1,335
1,1,144
2,1,554
9,1,943
2,1,530
4,1,431
3,3,178
6,1,553
4,1,513
2,1,196
5,2,341
5,2,403
5,1,737
6,1,606
4,1,606
5,1,303
7,1,247
5,1,431
2,1,505
3,1,308
2,1,573
1,1,155
4,3,457
1,7,160
4,7,203
6,1,331
5,1,946
1,7,282
4,1,324
4,3,145
4,1,443
2,1,208
3,1,256
2,3,286
6,2,498
6,1,1390
5,1,729
3,1,531
4,1,608
4,7,504
5,1,629
2,1,785
2,1,595
5,1,621
4,1,791
4,1,820
3,1,1275
3,3,802
3,3,865
3,3,507
2,7,483
1,1,341
2,3,504
1,1,304
3,7,248
4,3,590
5,3,685
4,3,357
5,1,1128
4,1,857
3,1,622
3,3,272
3,1,913
7,5,551
4,1,280
3,3,1123
5,1,653
2,2,578
4,5,1223
6,1,1480
5,1,1735
1,1,1343
6,5,1664
4,2,1053
4,1,282
3,1,1286
2,1,1128
5,1,446
4,7,396
3,1,263
3,1,441
2,3,220
6,1,531
4,6,439
4,6,310
3,7,282
5,1,322
4,1,317
2,1,164
1,1,219
1,7,204
3,1,171
2,3,296
3,3,257
2,1,263
2,7,379
4,1,423
2,7,263
4,1,227
2,3,212
8,1,616
2,1,419
2,1,153
6,1,652
2,1,676
4,1,527
5,1,508
5,1,500
1,1,162
6,1,333
2,7,538
2,7,340
3,1,423
3,7,312
3,5,245
2,1,160
6,1,305
3,7,223
2,6,296
3,6,170
4,7,313
3,1,244
4,7,388
4,1,363
3,1,688
3,1,549
7,1,499
4,7,655
2,7,289
4,3,284
1,1,403
5,1,374
2,6,303
1,1,316
3,1,298
1,1,1637
3,5,575
6,1,553
4,1,614
5,1,525
1,1,358
3,1,643
7,7,493
1,7,155
4,1,363
4,7,222
4,7,365
4,7,330
6,7,153
4,2,482
5,1,272
1,7,217
3,1,433
3,1,285
4,1,468
1,1,259
5,1,551
7,1,456
6,1,669
3,3,243
4,1,449
9,1,946
3,3,176
4,1,350
3,3,233
4,1,460
1,1,210
3,1,176
6,1,640
2,7,512
4,1,488
2,7,1676
5,1,1365
3,1,1040
6,1,913
3,5,602
4,3,178
1,1,372
2,1,402
4,5,425
3,1,400
2,5,758
5,1,640
5,1,545
1,1,1126
5,5,695
2,2,499
1,3,273
4,3,283
2,3,336
4,3,453
4,1,2401
4,1,2133
2,1,471
5,1,508
7,1,617
2,3,503
3,1,570
4,1,305
3,1,570
3,1,362
5,1,640
4,1,482
6,1,411
1,1,345
6,1,353
5,1,1346
4,1,638
5,1,635
10,1,730
5,3,392
3,3,275
2,1,750
3,3,685
4,1,513
3,1,649
6,3,440
3,7,694
4,3,1040
3,7,570
4,1,387
4,3,373
5,3,525
3,3,423
5,1,644
7,1,447
1,1,557
1,3,708
5,1,1008
4,1,1222
8,3,321
5,1,881
1,1,613
3,3,192
3,7,1344
5,1,650
4,1,612
4,1,2370
6,3,913
6,1,371
2,7,407
2,7,370
2,3,306
5,1,455
3,1,735
2,1,333
2,3,312
2,1,474
4,1,515
2,1,403
3,1,688
5,1,716
2,7,392
7,1,875
1,7,310
5,7,850
4,3,633
5,1,702
3,1,724
1,7,183
2,1,676
2,3,315
4,3,566
3,3,1140
7,1,308
2,1,947
2,3,174
2,1,1272
4,1,1641
6,1,780
2,1,323
1,3,154
3,7,664
4,1,619
1,7,500
3,1,411
4,1,666
2,1,408
3,3,267
1,1,388
4,1,591
4,1,430
4,3,315
3,3,426
4,3,282
1,7,446
2,7,401
3,7,551
1,7,356
2,2,616
4,5,861
6,5,573
5,7,325
3,7,399
3,3,351
3,1,319
4,5,848
4,1,398
3,7,431
8,5,492
3,3,551
5,1,2255
4,1,985
3,7,717
4,1,643
1,3,263
2,1,464
3,7,262
4,3,575
4,1,1146
6,1,580
4,7,383
6,1,375
3,1,355
2,1,463
3,3,950
4,3,1098
1,1,995
2,1,1050
3,7,1025
5,3,1007
5,1,633
4,1,1745
2,1,1160
3,7,569
5,1,769
2,7,1489
7,1,1410
6,1,1138
4,7,1034
4,3,871
1,1,557
4,5,723
1,3,309
2,3,342
1,3,520
5,7,465
3,3,169
5,1,651
1,7,462
1,1,473
6,1,505
5,1,551
2,1,608
5,1,381
3,1,494
6,1,553
6,1,509
4,5,223
5,7,330
2,3,750
2,1,410
5,3,951
3,1,765
5,5,1243
3,3,352
2,3,568
2,1,586
6,1,1681
4,2,1625
5,3,378
1,1,253
4,3,358
2,3,357
3,3,218
6,1,546
1,1,401
6,1,478
4,1,373
5,2,488
6,1,420
4,1,365
2,7,628
4,7,844
6,1,1080
4,1,1015
3,1,715
4,1,422
4,1,515
3,1,410
3,7,855
4,3,292
6,3,706
3,1,575
1,1,810
1,3,403
1,1,865
4,1,1161
1,1,987
3,1,541
5,3,654
2,1,376
2,1,1330
2,1,756
1,1,724
5,7,735
2,3,496
6,7,329
2,1,885
3,1,1127
3,1,743
3,1,2925
5,6,603
5,1,1373
4,1,1658
6,1,1256
3,1,901
4,7,393
4,1,313
7,1,782
1,3,315
5,3,473
3,1,503
1,1,1265
2,1,525
1,1,628
2,1,838
2,1,1923
1,3,293
5,3,380
1,1,400
1,1,754
3,1,872
3,7,575
3,1,913
2,1,1188
2,3,398
2,1,674
5,4,390
4,1,1165
2,1,363
2,1,701
4,1,1382
2,1,405
2,5,315
3,1,1175
1,3,296
1,1,908
1,1,313
1,1,937
7,1,700
4,1,633
1,3,400
1,1,454
3,1,816
4,1,678
5,1,1436
2,1,1473
3,3,610
1,3,375
3,3,609
4,2,1263
3,1,1712
4,5,1538
4,1,1638
1,3,217
2,1,495
3,1,818
13,2,2490
3,3,303
2,1,633
2,1,2260
2,3,431
4,1,924
4,3,637
1,1,589
4,1,998
2,1,1733
7,1,812
4,3,2145
4,3,2180
2,3,1955
3,3,1565
3,3,1153
1,3,487
1,1,1225
2,3,948
4,1,820
4,1,2395
5,1,1451
6,3,435
5,3,1751
4,7,737
2,1,5425
4,3,405
4,3,1585
5,1,1205
3,1,265
4,3,864
1,1,679
2,1,651
1,7,382
6,1,1373
3,3,2340
4,3,4629
6,1,2121
5,1,948
5,1,3180
1,1,393
4,6,700
3,1,1400
5,1,690
4,1,973
4,2,1424
5,1,223
2,1,268
3,1,260
3,1,285
4,7,240
3,7,360
2,1,445
4,1,617
5,1,1295
3,1,425
6,1,643
1,7,205
3,7,228
1,1,373
2,3,308
4,1,405
1,1,415
3,7,348
3,7,562
2,3,428
1,7,322
3,1,549
5,1,193
1,3,215
3,1,590
3,1,1185
3,1,418
3,1,890
3,1,335
5,1,560
4,3,1125
1,1,590
5,5,550
4,1,1225
5,1,643
6,1,1230
4,1,595
1,7,210
1,3,178
7,2,1042
6,7,890
1,7,1085
4,7,933
3,1,424
7,1,403
5,1,504
4,7,300
1,7,308
3,1,567
2,1,583
3,3,1645
4,7,2063
4,1,1712
3,3,643
4,1,449
2,1,388
3,1,654
2,1,501
4,1,769
4,7,733
2,7,922
2,3,692
2,1,583
3,7,313
4,7,225
4,1,634
2,1,614
4,1,613
2,3,649
5,5,503
2,1,833
3,1,1064
1,1,350
3,1,1035
5,7,608
1,1,778
3,7,904
4,1,1293
3,3,823
5,1,2063
3,1,1419
2,3,322
1,1,908
7,1,1146
1,3,283
3,4,3690
4,3,622
2,1,1005
2,1,440
4,1,1680
1,3,908
1,1,2403
1,1,620
2,7,637
4,3,628
5,1,1311
2,1,1136
1,1,420
3,1,1793
2,3,580
4,1,1462
2,1,1686
5,2,1128
6,1,782
5,1,538
7,1,859
1,5,483
4,3,961
4,1,1927
3,1,1190
4,2,2130
1,6,445
3,1,920
3,1,903
1,1,688
1,1,663
2,1,415
4,1,1878
2,3,373
1,3,705
6,2,1945
2,1,1309
2,1,1137
3,1,665
2,5,1122
4,5,612
4,1,702
2,3,575
5,1,1112
2,1,1465
6,5,1237
2,1,828
6,1,881
5,7,1226
4,3,1408
5,4,642
1,5,533
2,1,1113
2,4,379
3,1,3197
4,3,1103
3,1,865
3,3,503
4,1,1163
1,1,989
4,1,1109
2,1,1644
4,1,1054
3,7,731
3,1,815
2,1,1003
3,3,1398
3,1,1117
2,1,833
4,1,2363
4,1,1185
2,1,1668
5,5,1453
3,1,1315
3,3,273
2,3,525
4,3,743
5,3,3833
2,1,567
4,1,802
4,1,1160
2,3,615
8,1,595
4,3,465
2,1,462
6,1,1035
2,3,838
2,1,705
1,3,290
3,3,363
3,1,721
3,1,1215
5,7,1229
3,1,596
5,8,2245
4,7,972
4,3,1760
3,1,1030
3,3,377
4,3,510
2,1,907
4,7,1410
2,7,1199
2,3,1622
1,1,2016
2,1,1172
2,6,773
1,3,552
2,1,1245
5,5,1340
7,5,1293
3,1,769
1,6,350
1,1,632
5,1,839
5,7,937
3,7,985
2,1,840
1,7,549
5,1,2182
3,1,1199
7,5,2011
5,5,1168
5,5,1157
5,3,623
4,5,1032
3,2,635
3,5,1000
2,5,592
2,1,1736
2,1,2889
2,1,2133
1,7,584
3,6,486
2,5,1690
3,1,1243
3,1,650
6,1,1512
5,3,795
1,3,343
5,1,858
1,3,453
3,3,453
2,1,872
1,1,1620
1,1,688
2,5,2089
5,1,1797
3,3,1385
2,3,1638
1,7,919
4,7,1085
6,1,1680
4,5,1120
5,5,2544
3,3,1425
3,3,343
4,1,1098
6,1,1870
2,1,575
3,1,1830
4,1,2845
5,5,903
3,3,480
2,3,693
5,1,703
2,3,483
5,1,1877
2,3,605
3,1,2111
3,1,659
3,1,576
1,3,483
4,7,919
3,1,1865
2,1,1912
5,1,1733
4,3,1933
5,1,1539
4,1,1962
2,1,626
6,3,1270
7,1,1078
3,1,1298
3,5,1193
5,7,1126
4,5,1165
3,1,1295
1,7,250
2,7,5590
4,1,3335
3,1,692
1,1,849
3,1,1420
2,3,524
2,1,1545
2,3,715
5,1,1605
3,2,572
3,1,745
3,1,1145
3,5,1733
3,3,2043
1,3,422
6,3,655
1,1,625
2,3,1540
4,3,1928
3,1,1532
3,5,1437
4,1,1815
4,5,2193
2,2,2054
2,1,1724
3,7,307
2,5,326
2,1,562
1,6,575
4,1,2310
1,1,967
6,1,1475
4,5,1583
5,1,2848
1,3,1629
5,1,1837
4,1,1369
5,2,2285
4,1,1346
4,1,1685
4,1,1475
2,5,2102
3,3,2272
1,3,988
2,1,1350
3,5,1209
2,1,1875
1,7,2102
5,1,1885
5,1,2978
1,5,603
2,3,694
1,1,2242
3,1,1593
2,1,1314
1,6,325
2,6,200
1,3,2983
2,5,2195
1,3,2695
4,1,3273
4,7,3373
5,3,1873
5,3,2013
4,6,460
4,3,930
1,3,468
1,3,675
6,1,1523
1,1,1159
4,7,929
2,7,418
5,7,1130
2,1,2393
2,8,2153
3,7,1353
1,1,1920
2,1,1718
3,3,1537
2,1,2569
2,1,2363
5,1,2230
1,6,410
1,1,918
3,3,1403
6,1,1869
1,7,20
3,1,2095
3,1,1234
3,3,7238
1,1,1448
1,1,1450
3,3,646
4,7,1032
6,1,2163
2,7,1115
2,3,1368
2,1,1680
4,3,388
2,1,825
5,1,1095
3,1,1189
2,3,721
3,5,1188
3,1,1943
3,1,2430
4,1,1657
1,1,2339
6,3,1026
1,7,580
1,1,1085
3,5,2756
4,1,2447
2,3,478
1,3,3059
4,1,1402
1,3,1242
2,3,1538
1,3,455
1,3,595
2,3,710
4,1,1344
2,1,3017
2,3,995
3,1,2142
1,8,1523
3,1,2277
4,1,1890
4,1,3101
2,3,1744
1,4,1638
1,4,1743
3,1,1890
1,1,1473
4,1,1908
4,1,3310
3,1,2010
4,3,2008
3,5,1740
4,1,1235
4,1,1530
4,1,2285
3,1,1713
2,3,880
2,1,469
6,3,1823
1,3,640
4,1,3453
3,5,1314
3,1,2315
3,1,2307
3,1,2570
4,1,2329
5,5,2338
3,3,2964
5,4,3565
5,1,1570
1,1,673
3,1,2127
1,7,1703
6,1,1265
4,1,486
2,3,2055
1,6,908
1,3,3127
5,3,1750
1,1,2287
4,1,2558
1,1,2186
6,1,2785
2,1,1840
1,7,3869
4,1,1149
4,1,1518
4,5,1251
7,1,960
4,1,2385
4,1,1520
6,3,1835
5,1,2940
6,1,2905
2,1,1242
4,5,2495
2,3,2517
5,3,3314
1,1,3070
3,5,2974
2,1,265
4,1,2293
1,1,3729
3,1,2840
5,2,2770
5,6,962
2,1,1768
1,7,1130
2,7,603
4,1,1635
9,1,1795
2,1,645
4,1,2112
4,7,2040
2,1,1030
5,1,1497
6,1,2255
5,1,1342
10,1,2012
5,3,900
5,3,1058
3,3,773
4,3,795
4,3,810
6,3,814
4,3,750
4,3,1105
4,3,540
2,3,575
4,3,700
6,3,926
3,1,1855
3,1,2310
2,1,1350
1,3,508
4,3,1290
3,3,2160
4,7,1120
5,3,2375
2,1,1873
5,1,2475
3,7,1217
2,1,2223
1,3,2460
1,3,868
4,5,1812
1,7,1423
5,1,1910
5,1,2510
2,3,2068
4,5,2788
3,1,4420
1,2,2238
3,1,2210
3,1,3230
2,1,1368
2,1,2409
2,3,1095
2,1,1085
3,1,1735
1,7,250
3,1,3315
4,1,1078
5,1,505
4,1,2460
3,3,1828
3,5,573
3,1,5448
1,7,548
3,3,323
4,1,2430
1,1,926
5,1,4595
2,5,1793
5,1,916
1,6,645
6,3,1755
4,1,1320
4,1,1108
2,1,1850
4,3,345
2,3,904
4,3,2130
2,1,2760
3,1,1456
5,1,2460
6,1,2430
4,1,3249
3,5,1629
3,3,1530
4,3,1030
1,5,424
4,7,960
3,3,2072
2,3,803
3,3,863
2,5,2159
4,1,1118
4,3,2092
4,1,1185
5,3,2533
4,7,3763
3,3,2368
3,3,2041
3,1,2268
2,3,827
5,1,2923
4,1,1653
2,1,838
6,6,935
6,1,1595
4,1,1774
3,1,1844
5,2,5850
3,3,1675
1,3,1489
5,5,2346
3,7,711
4,1,2405
4,1,1645
4,1,1213
4,1,2335
11,1,836
7,1,1680
2,1,3350
4,7,440
4,1,1232
1,3,360
5,1,774
4,2,2165
4,1,2080
2,1,565
4,3,651
3,1,2110
4,1,792
5,1,994
5,1,1545
6,5,1152
3,1,1065
2,3,3233
4,6,612
3,1,2309
3,3,300
3,1,1542
4,1,1880
1,3,635
2,3,2571
3,1,345
1,1,1945
1,3,1487
3,1,2818
4,1,810
2,1,764
3,1,735
2,1,810
4,1,845
4,3,1868
3,1,1018
3,1,764
6,1,915
4,7,884
4,5,843
2,1,1254
3,1,813
2,1,1644
2,1,865
1,3,515
6,7,373
3,3,1185
2,1,1159
1,1,829
2,3,2337
2,1,670
1,3,564
3,1,4350
6,1,1134
4,1,1945
2,5,1123
5,1,1495
3,7,725
2,1,1799
4,3,434
3,5,1903
4,1,775
2,7,1373
1,1,1528
5,1,1763
4,5,1772
3,1,7841
4,5,6256
3,3,1737
3,5,1689
1,7,730
2,1,2009
5,1,1309
1,6,366
5,5,792
1,1,1091
3,1,1259
4,3,938
5,1,3698
5,3,2045
3,1,1144
2,1,777
1,1,1319
3,1,794
4,7,863
3,3,958
2,1,489
3,1,734
4,3,874
2,7,671
4,1,721
7,1,3385
4,7,1549
3,1,568
2,1,1264
1,5,1373
6,1,1303
4,1,666
3,1,849
5,3,485
3,3,814
5,3,611
2,1,1220
4,1,743
1,1,1317
4,3,875
3,3,478
2,3,1291
1,7,394
3,1,1409
3,7,426
4,1,520
4,1,822
4,7,452
1,1,509
3,1,2365
1,1,1500
2,1,567
1,3,515
1,1,1425
3,1,697
5,1,563
4,1,1200
6,1,832
3,1,800
1,7,1111
4,1,592
3,3,406
7,1,917
6,1,529
4,2,2520
3,1,2766
5,1,4200
2,5,560
5,1,1568
2,1,1018
4,1,1902
5,1,1850
3,7,2508
2,1,2722
5,1,2505
3,1,282
5,1,443
2,7,256
2,1,447
5,1,335
7,1,552
5,1,261
2,3,153
5,1,328
2,1,320
9,1,505
2,1,248
4,1,566
3,3,141
1,1,237
6,3,638
2,1,953
5,1,1094
4,1,953
2,1,577
5,1,718
3,1,283
3,7,693
7,1,584
6,1,160
9,7,135
6,1,325
5,7,267
1,1,735
3,1,489
2,1,459
3,1,281
3,1,240
3,7,176
4,1,342
5,1,218
4,1,266
3,3,261
2,1,633
5,1,348
3,3,247
5,7,306
3,7,435
4,7,472
3,1,781
5,1,588
5,1,1045
3,5,513
2,7,380
4,7,878
1,7,276
5,1,540
6,1,442
2,1,923
3,1,473
7,1,519
5,1,923
5,1,633
6,1,519
4,1,1638
4,1,253
4,1,268
1,1,173
7,7,223
6,7,541
3,1,474
6,1,552
6,1,1305
4,7,262
5,1,395
5,6,425
2,7,278
5,1,535
4,7,278
5,3,225
3,3,235
3,3,225
1,1,1710
5,1,295
4,1,260
1,7,560
1,1,198
5,1,152
3,1,355
2,1,803
1,1,404
1,3,322
2,5,592
1,2,2059
5,3,1163
1,5,275
3,1,1175
1,6,528
2,1,2104
3,1,1149
5,1,2272
4,1,5358
7,1,745
2,5,843
3,3,1513
1,1,1140
5,1,1780
3,1,433
3,7,622
4,1,1342
7,5,165
4,7,550
5,3,351
4,1,338
4,7,359
4,3,272
3,1,1228
3,1,520
3,1,388
6,3,733
5,1,275
6,1,539
6,7,653
4,1,423
4,1,463
4,3,342
3,7,472
2,6,233
1,7,195
4,1,368
1,1,344
7,7,500
3,1,428
2,1,383
1,7,438
4,7,555
1,1,251
3,1,374
1,6,286
2,3,415
3,3,356
3,2,1044
2,1,1314
2,1,524
5,3,623
2,1,241
3,7,293
4,3,560
1,1,268
4,1,598
2,1,598
2,1,618
4,7,300
4,1,510
4,3,152
3,1,323
1,1,504
1,1,174
3,3,299
1,3,343
3,1,603
2,1,592
2,7,370
2,3,694
3,1,241
1,1,220
2,1,463
3,3,478
3,1,442
2,1,1062
1,3,338
5,1,834
3,1,2139
4,1,1119
4,5,1670
6,5,1615
4,1,610
5,1,635
2,1,885
4,1,792
1,3,399
5,1,575
5,1,1182
3,1,1075
4,3,305
4,3,520
2,3,508
4,3,633
5,1,3305
3,1,952
4,1,714
3,6,3266
3,3,448
4,1,473
4,1,458
4,1,523
4,7,2017
7,1,523
3,3,319
7,3,839
8,3,512
5,3,400
8,3,1003
5,3,632
4,3,223
6,3,465
5,6,313
2,1,274
2,1,503
1,1,623
4,1,613
1,1,678
2,7,263
2,1,850
2,3,168
5,7,263
3,7,268
2,1,443
1,1,147
10,1,308
4,6,458
2,1,526
5,5,628
4,6,302
2,3,292
5,6,880
5,1,625
4,7,640
5,7,410
5,3,573
3,1,438
3,3,368
3,7,1258
3,7,665
1,1,160
5,3,1112
4,5,505
2,5,1073
4,1,390
4,5,313
3,2,325
2,1,732
3,3,603
1,3,423
3,1,943
5,1,512
5,1,583
3,1,567
2,1,466
3,1,735
2,1,448
5,1,845
2,1,880
2,1,750
4,7,638
3,3,839
6,2,3856
5,6,423
5,2,663
2,5,2273
2,1,2223
5,1,2008
4,3,1240
3,1,1218
5,7,1533
1,3,386
3,7,885
5,1,946
2,1,692
1,1,548
2,1,510
1,1,1330
3,1,1360
4,3,444
2,1,595
3,7,465
3,1,827
8,3,1223
3,7,406
6,1,3139
2,1,934
3,3,870
6,1,709
4,3,863
4,1,685
3,3,600
4,2,775
3,3,1072
4,1,2280
4,3,1447
4,1,612
4,5,762
3,1,1226
2,1,582
2,1,3825
5,3,428
5,6,2095
1,3,902
2,3,448
3,7,528
3,3,393
3,1,286
2,1,249
5,3,495
3,1,700
5,1,358
4,7,373
4,1,352
3,7,363
3,1,379
3,1,448
4,7,342
5,1,980
1,1,263
6,1,948
3,3,559
6,1,1064
5,2,483
3,1,1163
4,1,1093
5,1,410
2,1,430
1,1,360
8,1,398
4,1,823
4,1,933
4,1,1153
3,3,408
4,1,540
2,1,433
2,7,293
3,3,350
3,1,398
2,1,366
2,1,320
5,1,223
5,3,493
4,3,1178
3,5,418
4,1,2233
5,1,634
5,3,248
6,3,685
2,7,580
4,7,555
2,1,1978
7,1,975
4,3,2689
3,1,280
5,1,393
4,1,355
4,1,293
3,1,628
4,1,400
3,1,222
4,1,348
3,3,590
4,1,328
3,1,630
3,1,316
5,1,1362
4,2,945
5,1,1114
4,1,365
5,7,343
6,7,608
9,1,404
4,7,700
5,1,368
5,3,464
6,1,390
7,1,417
3,1,1570
2,3,586
5,1,1155
3,3,118
5,5,339
9,3,308
4,3,238
2,1,337
3,3,314
3,1,461
1,7,200
7,3,515
2,1,330
2,1,518
4,1,1340
2,1,395
2,1,1594
5,1,1130
4,1,2157
2,1,650
3,3,175
3,3,267
7,1,641
7,1,506
3,3,432
2,1,376
3,3,353
3,2,883
1,7,230
3,2,403
1,7,452
4,1,331
3,1,244
4,7,269
7,6,78
3,1,634
5,3,470
1,1,202
3,1,287
4,1,429
4,1,219
3,1,408
2,1,589
4,1,243
5,3,257
2,3,465
1,1,67
7,1,300
5,1,385
1,7,157
1,7,161
2,1,306
3,7,181
4,1,225
1,6,141
6,1,329
2,7,172
3,1,173
5,1,1232
4,5,653
1,3,250
3,7,337
6,3,915
3,1,885
2,1,686
4,3,2955
4,3,328
3,3,337
3,3,341
4,1,572
4,7,330
8,1,392
3,7,352
5,3,355
2,7,253
3,2,624
1,3,410
1,3,340
4,1,397
1,3,238
3,1,269
3,5,281
6,7,1018
3,1,513
5,1,928
1,3,550
1,3,500
1,3,500
1,3,500
4,1,356
6,1,371
6,1,358
3,7,277
2,1,385
4,1,146
2,1,134
2,1,130
3,1,120
1,1,141
2,1,95
1,1,128
1,1,181
6,1,110
6,1,133
4,1,160
2,1,120
6,1,115
7,1,115
7,1,40
1,1,60
3,1,203
1,1,20
2,1,70
6,1,38
7,1,131
3,1,87
9,1,65
7,1,130
4,5,128
4,1,348
4,2,618
4,1,229
1,1,167
3,1,228
3,1,364
5,1,268
2,1,120
1,1,114
5,1,243
1,1,194
5,1,198
2,1,182
3,1,232
4,1,358
5,1,303
5,1,290
2,1,263
2,1,210
1,2,183
4,7,148
5,2,196
5,2,353
4,3,375
1,1,255
3,3,475
2,1,640
3,7,280
1,1,310
1,3,255
1,3,275
2,1,720
5,3,385
1,3,200
4,1,1280
3,1,260
3,1,405
1,7,355
4,1,265
2,1,175
4,1,295
1,1,260
3,7,215
9,1,377
7,1,252
4,1,65
5,1,452
3,7,372
1,6,165
3,1,745
2,1,272
5,1,225
7,1,67
3,1,144
7,1,92
4,1,78
3,1,235
5,1,258
3,1,225
3,1,243
3,6,198
4,1,128
6,1,268
4,1,185
7,1,275
2,1,86
5,1,315
2,1,163
5,2,963
5,1,240
5,5,254
3,1,1049
4,1,290
4,1,601
3,3,278
1,7,200
1,1,253
5,5,423
4,3,288
1,3,247
4,7,262
1,3,248
2,1,160
1,1,187
6,1,117
1,1,144
2,1,311
3,1,379
2,1,224
5,1,385
3,1,318
5,6,237
1,7,165
2,1,62
5,7,282
1,1,162
3,1,308
7,1,385
2,7,316
4,1,210
5,1,615
3,1,145
9,7,178
5,1,166
6,1,264
4,1,281
1,3,228
4,6,232
7,1,252
4,1,222
1,3,230
5,1,226
4,3,507
1,7,90
1,5,274
7,1,218
1,7,200
5,1,268
3,1,298
2,7,219
4,1,338
6,1,722
1,1,310
4,1,314
8,1,366
5,1,787
5,6,303
5,6,274
4,6,274
1,6,1712
1,1,20
1,6,50
2,1,10
7,1,10
1,1,10
1,1,20
2,1,10
2,1,10
2,1,15
1,1,11
1,1,15
1,1,10
3,1,41
2,1,31
2,1,41
2,1,51
5,1,61
5,1,31
1,1,56
2,1,41
1,1,51
2,1,51
2,1,51
2,1,31
1,7,20
1,1,30
3,1,42
2,7,15
3,1,10
2,1,10
5,1,20
1,1,15
5,1,45
3,1,50
1,1,30
3,1,30
1,1,80
1,1,170
1,1,80
2,1,250
6,1,65
1,1,65
5,1,182
2,1,80
1,1,250
4,1,195
2,1,110
1,1,95
3,1,30
4,1,50
5,1,30
1,1,35
3,1,65
3,1,112
2,1,50
2,1,50
1,1,40
4,7,30
1,1,40
2,1,30
1,1,43
1,1,30
2,1,45
3,1,45
5,1,68
2,1,35
1,1,90
2,1,53
1,1,61
1,1,38
5,1,38
2,1,37
4,2,100
5,2,120
4,2,101
2,2,100
3,1,150
9,1,150
3,1,150
3,1,150
5,1,100
1,1,100
11,1,100
3,1,150
1,1,437
3,1,137
3,1,127
1,1,155
1,1,177
4,1,110
1,1,154
1,1,137
4,1,157
4,2,146
3,1,171
4,1,352
8,1,20
6,1,65
2,1,20
3,1,168
5,1,20
2,1,20
1,1,20
2,1,50
3,1,20
5,1,110
1,3,148
1,1,50
3,3,147
7,1,82
2,1,37
8,1,183
2,1,85
1,1,152
5,1,150
3,1,134
7,1,145
3,1,165
4,1,153
1,1,137
2,1,100
1,1,100
2,1,100
1,1,100
3,2,80
1,2,100
1,2,100
2,2,100
3,1,100
1,1,100
1,1,100
2,1,100
9,1,235
4,1,235
5,1,183
4,1,153
3,1,250
3,1,255
4,1,290
3,1,267
5,2,323
3,2,155
6,3,235
6,2,635
2,2,180
1,7,121
4,3,80
2,1,147
1,1,210
3,1,180
2,1,230
1,1,50
1,7,50
4,7,70
2,1,130
9,1,216
1,1,58
1,1,32
1,1,30
5,1,67
1,1,57
2,1,107
1,1,77
6,1,39
1,1,10
1,1,68
2,1,78
2,1,68
1,1,80
3,1,181
1,1,89
2,1,170
2,1,145
2,1,88
1,1,152
9,1,216
1,1,110
4,1,98
4,1,185
2,1,118
2,1,30
3,1,88
2,1,75
2,1,60
5,1,116
1,1,140
7,1,135
8,1,115
3,1,80
9,1,95
1,1,44
4,1,79
3,1,399
4,1,363
4,1,261
5,1,439
1,7,168
5,1,261
7,1,233
4,1,278
1,1,218
2,1,256
2,1,263
4,1,268
6,1,102
3,1,111
3,2,154
3,3,119
3,3,252
1,1,153
2,1,134
3,1,157
6,1,642
3,1,329
6,7,204
5,1,284
5,1,331
4,1,290
8,1,563
4,7,180
4,1,153
7,1,225
2,7,179
5,1,289
6,1,228
6,1,452
7,1,293
4,1,320
1,6,214
1,1,379
8,1,393
3,1,303
1,1,258
1,7,266
2,3,168
3,1,264
2,1,288
4,1,549
3,7,270
4,7,220
4,7,223
5,3,220
5,7,163
2,1,166
2,1,278
6,1,335
3,7,145
1,1,73
5,3,253
4,3,283
6,2,296
6,1,167
4,1,316
3,1,192
3,1,450
4,1,638
4,3,188
3,1,317
1,1,193
5,3,268
2,1,308
4,1,368
3,3,193
5,7,295
5,1,230
4,1,265
3,3,408
8,7,565
8,1,1410
2,1,417
2,3,320
4,3,495
4,7,358
5,1,1145
2,1,396
1,3,323
4,3,718
4,3,535
6,1,983
3,1,783
4,2,941
7,7,325
4,3,618
4,1,689
3,7,446
4,5,7123
4,7,590
5,1,702
3,1,493
4,7,387
7,1,300
7,1,1181
3,7,553
7,1,442
2,1,453
1,1,280
7,7,353
1,1,240
4,1,488
7,5,415
3,1,305
3,1,599
3,1,711
4,1,279
2,1,663
5,1,188
2,1,516
4,1,1580
4,1,321
3,7,352
2,1,330
5,1,412
5,6,294
5,5,691
1,3,247
5,1,295
3,2,644
3,7,296
2,7,478
5,1,602
4,1,495
2,1,492
1,7,564
3,7,615
1,6,200
8,7,598
3,5,595
3,5,730
1,1,897
7,1,938
3,3,400
2,3,300
4,7,648
4,1,594
2,1,676
6,1,698
3,3,227
4,3,345
6,1,334
5,1,198
5,1,615
4,1,630
3,1,482
6,1,399
4,1,252
5,7,344
4,7,193
6,1,739
3,1,294
1,1,600
1,1,181
3,1,198
4,1,857
2,7,710
2,7,590
4,1,658
2,1,895
5,3,1116
2,7,607
5,1,419
4,7,365
2,7,333
2,1,416
3,3,185
5,1,666
7,2,1478
7,1,369
4,7,830
7,1,335
1,3,390
5,1,1129
2,1,376
1,1,613
2,1,2155
3,1,760
3,7,514
5,1,574
3,1,928
3,1,893
5,5,962
2,3,448
5,3,650
2,1,1095
6,7,1800
1,1,1317
3,7,1620
1,1,1099
3,5,1146
1,1,1709
5,1,1280
5,1,2245
2,7,646
4,3,695
3,7,463
4,5,1117
1,7,675
5,1,1152
3,1,956
1,3,1293
4,1,1285
4,1,398
6,7,1300
1,1,962
3,1,1016
7,1,571
6,7,643
5,1,913
10,1,1375
2,1,675
4,7,529
1,1,360
4,7,1230
3,3,836
5,1,2295
7,1,442
1,1,582
1,3,325
5,1,1057
5,1,10285
4,1,397
4,1,248
3,1,191
4,1,195
4,1,178
5,1,163
2,1,125
5,1,185
4,1,191
1,7,103
6,1,183
10,7,186
4,7,296
1,3,165
6,1,765
1,7,365
4,1,1271
6,3,285
1,1,356
3,1,425
3,3,200
4,3,224
4,3,174
3,7,169
4,7,175
4,7,498
8,1,522
4,3,254
4,1,1119
2,1,805
4,1,275
4,7,278
5,1,248
2,1,395
3,1,573
4,1,713
1,6,323
1,3,341
5,7,438
4,1,663
5,7,418
5,1,703
4,3,475
1,3,293
5,1,675
3,3,428
3,3,498
3,1,590
4,1,386
4,1,416
2,5,303
2,1,649
2,7,405
6,1,836
5,7,595
3,3,620
4,1,660
5,7,593
1,3,500
7,5,665
2,1,493
3,1,1225
3,1,857
3,1,1294
4,3,1275
3,1,946
3,1,1365
3,4,1736
2,1,1118
4,5,1665
5,3,971
1,3,673
3,1,1145
2,3,928
3,1,960
3,1,1380
1,1,1248
3,1,1883
3,1,1240
3,1,1745
6,3,2990
4,3,1157
2,3,1133
4,1,2423
4,1,2363
5,1,865
4,1,512
4,1,1936
3,1,688
5,7,1168
2,6,523
3,1,937
4,1,1638
1,7,666
2,4,1177
4,1,663
1,7,1029
3,3,613
1,1,951
4,1,1484
4,7,1388
4,7,931
1,7,933
4,1,1180
4,1,2225
2,3,1623
2,1,835
4,2,1685
1,7,576
5,1,448
6,1,1225
1,7,389
1,1,895
3,1,591
3,1,2650
5,1,245
2,1,567
5,7,943
4,1,757
4,7,735
2,1,835
3,3,258
2,1,218
4,3,400
5,3,322
1,5,149
4,7,149
4,5,147
2,3,108
3,1,157
4,1,326
4,1,176
7,6,171
3,1,279
5,1,342
4,1,264
4,5,302
3,1,79
2,3,223
2,7,55
3,7,97
3,7,253
3,7,161
2,7,162
5,2,222
4,6,200
1,6,150
4,6,252
5,6,317
5,6,191
3,6,118
2,6,205
1,6,233
5,6,526
8,6,293
6,6,233
1,6,160
4,7,285
4,1,179
2,1,281
2,1,162
1,1,122
3,1,245
3,1,286
6,1,284
2,3,317
5,1,282
5,7,325
4,1,286
2,1,134
1,1,153
3,7,223
2,1,141
4,7,113
5,1,206
2,7,209
7,1,138
3,1,117
6,1,261
2,1,173
1,3,188
3,3,182
4,1,652
1,1,589
2,1,475
3,7,275
5,2,280
2,1,218
7,1,209
5,1,190
2,7,101
1,3,60
1,1,154
4,1,259
1,1,214
3,7,211
1,7,127
6,1,154
4,1,138
3,1,126
4,1,115
1,7,163
1,1,75
3,3,315
3,7,148
1,1,10
1,1,30
1,1,15
1,1,20
2,1,50
1,1,10
1,1,30
1,1,10
1,1,10
2,1,15
2,1,100
1,1,20
3,1,30
3,1,73
1,1,63
1,7,40
2,1,45
2,1,40
1,1,80
5,1,95
1,7,42
2,1,40
1,1,47
1,1,10
1,1,33
1,1,142
2,1,72
2,1,10
1,1,75
1,1,10
2,1,10
2,1,55
2,1,97
3,1,27
1,1,82
1,1,15
4,1,70
2,1,113
1,1,87
2,1,157
5,6,45
1,6,75
2,6,68
2,6,110
3,6,130
2,6,77
4,1,125
3,1,112
6,1,63
4,1,165
5,1,78
3,1,175
1,1,125
2,7,185
2,1,48
5,1,60
1,7,99
2,1,65
2,1,89
2,1,92
1,1,57
1,1,115
3,1,24
1,1,87
1,1,97
1,1,103
3,1,132
1,1,96
3,1,25
3,1,25
1,1,25
2,1,34
2,1,35
2,1,38
3,1,20
3,1,96
4,2,81
1,1,45
4,1,53
2,1,62
2,1,67
6,1,85
6,1,75
2,1,40
1,1,86
1,7,202
1,7,78
2,1,88
2,1,119
1,1,152
2,1,67
6,1,248
6,1,104
5,1,64
1,1,88
2,1,126
1,6,85
4,7,79
1,1,120
2,1,103
2,1,144
1,7,40
5,1,115
8,1,105
2,6,120
1,1,105
1,1,105
5,6,151
2,1,260
4,6,81
1,1,84
4,7,156
1,1,151
1,1,62
5,1,333
6,3,103
1,1,73
3,7,172
1,1,55
1,1,67
2,1,127
1,1,112
2,1,173
2,1,112
2,1,56
1,1,138
2,1,90
2,1,97
2,2,90
2,1,70
2,1,103
1,1,102
6,1,135
2,1,150
5,5,165
4,1,95
6,1,135
5,1,180
7,1,102
3,1,115
1,1,155
2,1,135
4,1,126
1,7,90
3,6,105
2,6,103
1,6,111
4,6,126
2,6,210
1,6,160
3,6,125
1,1,112
6,1,140
4,1,190
5,1,233
7,6,93
2,8,93
3,6,220
5,6,240
4,8,96
4,6,93
5,6,310
5,6,300
4,6,179
1,6,288
6,6,279
4,6,279
9,6,140
2,6,195
5,6,95
4,6,115
5,6,220
3,6,170
4,6,240
5,6,330
8,6,290
5,6,175
8,6,220
4,6,191
2,1,50
5,1,120
2,1,68
2,1,50
2,1,50
2,1,67
2,1,18
2,1,67
6,1,67
2,1,118
4,1,120
1,1,74
2,1,115
2,1,157
2,1,79
5,1,66
1,6,52
2,6,83
3,1,105
1,1,67
2,1,110
2,1,103
4,1,144
1,1,20
2,1,30
1,1,20
2,7,10
2,1,10
2,1,50
2,1,60
6,1,15
2,1,90
2,1,15
1,1,40
1,6,30
1,1,15
1,1,10
1,1,15
2,1,75
2,1,52
2,1,60
4,1,115
3,7,68
1,1,80
2,1,63
2,1,78
1,1,10
1,1,130
3,7,81
2,1,120
1,1,102
1,1,95
2,1,52
1,1,197
1,1,125
2,1,73
2,1,47
1,1,130
1,1,55
1,1,10
1,1,25
2,1,123
2,1,10
1,1,72
1,1,95
1,1,35
2,1,82
2,6,90
1,1,77
3,6,112
4,1,97
3,1,86
7,1,95
2,1,63
2,1,43
3,1,115
4,1,87
3,1,113
1,1,30
3,1,99
2,1,27
1,1,50
2,1,63
2,1,30
1,7,75
4,1,50
1,1,97
5,1,120
1,1,100
1,7,97
2,1,98
1,1,92
1,1,92
4,1,130
2,1,96
2,1,20
8,7,198
1,1,128
3,7,151
6,1,203
5,7,176
3,7,220
6,1,223
4,1,260
1,7,260
2,2,140
5,1,155
2,1,558
4,7,390
4,1,509
5,1,558
6,1,248
7,1,375
4,1,550
6,1,581
3,3,363
3,3,165
6,1,2093
4,1,332
7,1,270
1,3,388
6,1,461
6,3,310
1,7,183
2,1,998
4,1,928
2,3,145
6,1,219
4,1,326
5,3,163
3,7,248
6,1,918
3,3,251
2,1,1620
3,7,397
6,1,1930
1,5,1600
4,1,2183
3,5,547
5,1,1009
9,1,1308
3,1,740
4,7,830
3,7,305
4,1,290
1,3,292
3,7,1120
4,3,325
2,1,693
1,7,339
5,3,495
1,7,2092
4,7,1645
1,1,66
4,5,2098
1,7,791
3,7,2188
2,6,173
1,1,392
3,1,602
7,1,353
3,7,378
4,7,455
4,7,363
4,7,468
5,1,750
5,1,488
6,2,750
4,3,425
3,7,395
3,3,368
1,7,565
3,3,438
4,1,509
4,1,405
5,1,345
4,2,324
8,1,502
3,7,263
3,3,163
4,3,378
1,1,800
6,1,1580
2,1,1340
2,3,368
2,1,385
3,7,369
5,1,420
4,1,1645
4,2,2150
1,3,263
2,7,860
2,3,241
1,3,200
4,1,556
4,3,241
7,3,208
3,7,175
2,3,213
5,7,155
1,1,288
5,7,363
1,6,273
4,1,402
4,5,880
2,1,1232
4,5,923
1,1,767
2,1,385
6,5,9162
2,1,1225
2,3,313
4,3,365
3,5,480
7,3,315
1,1,394
4,7,417
4,7,937
3,3,630
3,1,1303
4,7,633
4,7,1093
5,7,1108
2,1,2150
4,1,177
4,3,210
5,1,246
3,1,191
2,7,262
2,1,1563
3,7,563
3,1,844
5,1,172
6,1,160
1,7,83
2,1,155
5,1,367
8,1,223
3,1,290
3,1,258
2,1,230
3,1,229
2,7,99
2,1,261
7,1,873
6,1,291
2,1,2108
2,7,1081
8,1,97
8,1,96
5,1,331
4,1,99
2,1,211
3,1,204
5,1,144
1,7,97
4,1,152
2,7,77
1,7,92
5,1,109
1,5,248
5,1,435
2,1,422
2,1,365
3,1,510
4,1,871
2,1,1072
4,7,368
1,1,455
3,3,383
4,5,457
4,5,538
3,3,566
2,1,562
2,3,252
2,7,283
4,1,250
1,3,177
4,4,523
4,1,215
4,7,233
1,3,146
2,1,477
4,7,174
3,7,264
5,1,287
2,1,281
4,1,334
2,6,217
4,6,218
4,3,385
5,1,213
4,3,223
2,8,433
8,7,148
5,7,134
2,1,1085
4,7,808
5,7,323
1,5,380
1,1,373
2,1,410
4,7,633
1,1,2083
2,1,2598
2,1,664
2,1,672
2,1,1564
7,1,582
1,3,196
2,1,236
6,1,406
1,1,234
5,1,236
4,1,221
5,7,267
1,3,207
5,6,290
1,6,198
1,6,260
6,6,102
2,6,287
1,6,82
2,6,157
4,6,122
1,6,202
1,6,233
1,6,253
1,6,253
2,6,282
1,6,182
3,6,225
5,6,272
7,6,310
4,6,285
2,6,330
4,6,280
1,6,190
1,6,170
6,6,193
4,6,200
4,7,280
4,7,226
9,1,800
3,7,215
5,1,570
8,1,565
1,3,239
3,7,210
5,1,675
3,3,225
4,7,567
5,1,1075
1,1,560
4,1,618
4,1,260
8,5,290
4,3,359
2,1,264
4,1,369
6,7,599
1,1,854
4,7,464
6,5,4059
8,1,1677
6,1,721
5,3,356
2,1,676
4,1,592
4,3,242
5,1,312
2,1,197
1,3,152
1,1,307
3,3,307
6,3,462
1,3,112
2,1,145
3,1,120
3,1,70
4,8,378
3,1,162
2,6,132
1,6,102
1,1,112
1,1,105
3,8,170
5,8,155
2,8,110
2,1,11
5,1,31
5,1,41
6,1,21
3,1,26
1,1,11
5,1,49
2,1,47
7,1,31
8,1,51
2,1,51
9,1,66
3,1,88
2,1,100
2,1,99
2,1,80
2,1,71
2,1,115
2,1,85
1,1,109
1,1,100
5,1,166
2,1,77
2,1,42
3,1,296
4,1,119
2,1,65
4,1,82
4,1,118
1,1,97
2,1,118
1,1,108
1,1,150
2,1,105
1,1,117
8,1,235
2,1,118
2,1,115
8,1,116
5,6,148
2,1,80
1,1,50
2,1,50
5,1,80
5,1,117
2,1,97
2,1,97
1,1,97
3,1,97
2,1,77
1,1,84
2,1,83
1,1,177
3,1,136
5,1,164
1,1,101
4,1,352
4,1,455
2,1,296
3,1,74
2,1,73
1,1,60
1,1,55
2,1,95
2,1,210
3,1,95
1,1,133
4,1,65
3,1,98
1,1,66
3,1,96
2,1,118
5,1,200
6,1,98
3,1,113
2,1,133
2,1,32
8,1,102
9,1,37
2,1,85
4,1,102
5,1,145
7,1,145
4,1,130
1,1,365
2,1,263
2,1,245
3,3,142
5,3,215
1,1,110
4,1,225
2,1,165
4,1,195
4,1,130
3,1,180
1,1,120
2,1,145
4,1,275
4,1,225
1,1,150
2,1,163
1,1,191
1,1,100
2,7,74
4,6,145
2,1,123
1,1,267
4,1,147
6,1,205
1,6,148
5,1,353
2,6,128
1,3,165
1,3,155
2,1,540
5,1,585
2,1,360
4,7,105
2,1,180
1,1,365
7,1,3060
2,3,253
1,3,205
1,3,215
2,1,1058
4,1,260
2,1,340
1,1,155
4,3,263
3,7,180
1,7,580
5,3,388
2,1,46
1,1,65
2,1,46
1,1,54
1,1,97
2,1,107
2,1,97
1,1,87
2,1,66
3,1,46
2,1,60
1,1,65
2,1,97
6,1,75
1,1,65
1,1,145
1,1,100
1,7,145
2,1,215
4,1,135
1,1,135
1,1,120
3,1,115
1,1,195
6,1,135
1,1,95
6,1,295
3,1,66
6,1,116
2,1,96
9,1,118
6,1,116
2,1,96
1,1,65
4,1,76
2,1,66
2,1,65
6,1,66
6,1,81
2,1,51
1,1,66
2,6,131
2,1,76
3,1,116
2,1,66
4,1,35
1,1,108
6,1,21
4,1,11
4,1,21
2,1,11
4,1,21
1,1,21
1,1,26
3,1,26
1,1,31
6,1,41
2,1,51
2,1,31
2,1,21
2,1,31
7,1,21
1,1,26
2,1,26
6,1,27
2,1,26
2,1,26
2,1,31
1,1,51
1,1,31
5,1,51
1,1,57
5,7,125
3,8,155
5,8,197
4,1,109
1,1,122
6,1,105
5,1,150
4,8,195
3,6,84
5,8,185
3,8,156
1,1,95
1,7,125
1,1,93
5,1,152
2,1,445
4,6,260
2,1,348
2,1,105
1,1,136
2,1,100
2,1,72
1,1,80
1,1,82
2,1,75
2,1,107
2,1,68
4,6,115
1,6,130
3,6,230
1,6,70
1,6,105
3,1,114
6,1,36
2,1,41
5,1,41
7,1,71
6,1,71
2,1,71
1,6,130
2,6,128
4,1,51
2,1,41
2,1,51
2,1,66
4,1,26
9,1,71
3,1,61
4,1,51
3,1,38
2,1,36
1,1,64
1,1,53
3,1,41
1,1,43
1,1,20
2,1,47
1,1,66
2,1,111
4,7,86
2,1,87
3,1,125
1,1,75
1,6,95
2,1,65
1,1,51
2,1,110
4,1,81
4,2,131
4,1,148
2,1,50
3,1,240
4,1,210
2,1,105
1,7,97
4,1,125
3,1,318
4,1,135
2,1,115
4,1,98
1,1,92
5,1,78
8,1,73
2,7,52
5,1,82
4,1,93
2,1,77
2,1,67
1,1,76
3,1,43
2,1,38
2,1,43
4,1,48
6,8,219
7,8,222
3,6,89
3,7,169
4,1,187
4,1,128
2,1,188
2,1,127
5,8,150
2,1,130
2,1,107
6,8,637
1,7,233
3,7,512
3,1,1123
2,3,614
5,6,43
1,8,387
1,8,167
1,7,239
4,8,479
3,3,307
1,6,284
3,7,687
2,1,603
3,1,595
1,1,628
3,1,560
5,1,1190
3,7,538
3,3,745
6,3,723
7,6,335
2,3,173
1,1,713
1,2,1310
3,7,343
4,1,1475
3,3,353
2,1,550
1,7,463
2,1,553
2,1,655
5,1,530
2,1,593
6,1,1523
5,3,3923
3,7,415
1,1,517
4,1,728
3,1,685
1,7,385
5,7,390
3,3,1633
2,1,613
1,3,425
2,1,399
2,7,495
3,7,359
1,8,918
1,8,1295
3,8,1393
2,8,931
4,8,288
4,8,285
2,8,863
4,8,1045
4,7,420
1,7,328
6,8,420
6,1,480
5,1,357
1,7,335
2,6,80
1,3,273
3,3,1345
4,1,1715
2,1,206
5,2,1745
4,7,505
2,2,2053
1,7,483
1,3,293
3,7,403
5,1,823
1,1,545
4,7,480
3,8,436
3,2,313
2,7,330
1,3,250
1,1,450
6,3,351
2,1,406
5,2,2165
5,1,1760
4,1,2235
4,1,1705
5,1,1728
3,1,580
3,7,385
2,1,720
5,1,990
2,1,2175
1,1,1605
2,1,1605
4,5,698
5,3,725
4,7,490
3,1,605
4,1,1365
3,7,890
2,7,483
2,1,1073
3,1,682
3,3,450
4,1,619
5,1,687
3,3,525
3,1,541
4,1,947
4,3,1103
3,7,535
3,7,525
3,7,660
1,7,503
2,1,513
1,1,683
2,1,600
3,3,278
1,3,405
1,3,440
6,7,595
2,3,650
3,3,488
3,3,275
1,3,375
5,3,1125
2,1,2145
3,3,405
4,7,1573
1,7,593
4,1,2050
4,1,2345
2,3,1233
1,7,383
1,6,1280
1,1,1577
2,1,1765
5,3,1475
2,1,2570
2,3,945
5,3,833
4,3,2248
4,6,425
2,1,855
10,1,1815
5,1,480
7,3,1245
2,3,932
2,1,2045
5,1,1895
5,1,995
3,1,618
2,3,1125
5,6,648
1,3,450
4,1,760
2,7,520
2,1,1580
3,3,1135
5,2,1398
3,7,423
1,3,387
2,1,1760
3,7,1750
3,7,535
4,1,1725
4,1,572
4,7,712
1,1,899
5,7,2170
1,5,578
1,7,830
6,7,430
2,3,255
2,1,380
3,1,328
4,3,570
5,3,540
5,1,1083
2,1,1213
1,7,440
3,7,553
2,1,527
4,3,825
4,1,753
1,7,470
3,1,556
2,3,435
4,1,570
4,5,765
4,1,745
2,7,518
3,1,528
3,3,563
2,1,595
6,1,620
5,3,626
3,7,563
4,7,903
2,7,556
4,1,675
3,6,400
3,7,563
4,1,273
4,1,3230
2,7,383
4,3,375
4,3,425
5,3,892
5,2,1345
5,1,2515
4,3,1355
1,3,1413
3,1,758
1,1,590
4,5,835
5,7,835
3,3,310
4,1,2310
2,7,515
3,1,603
1,3,320
2,3,365
3,1,403
3,1,549
1,3,493
3,3,1163
3,1,2289
6,1,2195
5,3,2030
4,1,1530
1,1,5210
5,1,1148
1,1,940
1,7,1573
2,7,545
3,7,1590
4,1,1164
1,1,1195
1,3,360
7,1,1800
2,3,360
1,3,285
1,3,525
3,3,825
2,7,407
4,7,520
3,3,475
3,7,458
4,1,887
1,7,200
3,3,698
3,3,718
4,7,1135
3,1,2188
4,1,3158
4,7,1635
3,5,3310
4,7,2350
2,1,3280
3,1,4370
2,1,1200
2,1,738
4,3,778
2,1,805
4,1,2318
2,1,1643
3,3,1125
4,1,2740
5,3,1595
2,1,1705
3,5,1303
5,1,2245
3,1,1000
2,3,2466
4,7,595
1,7,490
4,1,920
2,7,745
2,1,943
2,7,1038
1,7,685
3,1,685
2,1,1375
2,1,965
3,1,603
2,3,1210
3,3,1317
4,3,1342
1,3,1266
2,3,1366
4,7,650
2,1,700
3,7,2200
1,7,500
2,1,2340
2,1,1060
2,1,2195
1,3,593
1,3,593
2,1,2190
6,1,15255
1,3,938
1,1,3205
3,1,2221
4,3,3893
3,2,2830
1,3,550
4,5,2775
2,3,623
2,5,935
5,1,3140
5,1,1344
3,7,577
4,1,571
4,1,484
5,1,609
3,1,685
3,3,470
2,1,720
2,7,603
1,7,435
4,7,773
1,3,485
2,3,650
1,1,1332
3,3,2730
3,1,1325
3,7,2155
1,3,485
2,7,745
1,7,535
1,1,591
2,1,2103
4,3,1208
3,3,1363
5,3,3733
4,3,1205
4,7,2374
5,7,2698
5,7,2820
4,3,1103
1,3,913
1,3,3305
3,2,2780
4,1,665
3,3,2667
5,1,1180
3,1,910
1,1,783
5,1,757
3,3,2600
2,1,635
3,1,900
2,7,1065
3,1,1230
3,1,2350
1,7,415
1,7,365
5,7,310
2,7,582
1,7,500
6,1,850
2,7,510
2,1,755
1,7,1205
3,3,1407
4,7,937
2,3,465
2,1,593
2,7,373
3,1,663
5,7,605
5,7,377
5,1,555
4,1,672
1,7,312
2,7,440
3,7,470
3,3,315
5,1,716
1,3,383
2,3,375
1,3,413
6,1,1605
2,1,2785
4,5,1640
3,3,2018
3,7,765
4,1,2350
6,1,852
3,7,303
3,7,755
5,1,1780
3,1,1643
4,3,646
6,1,241
4,8,334
2,8,227
4,8,384
5,8,382
6,1,598
3,1,490
3,1,598
3,1,910
3,1,487
1,7,328
5,1,485
4,1,704
5,3,403
2,1,808
4,6,708
4,1,1858
4,3,440
4,3,348
2,2,535
4,1,358
9,1,580
2,7,771
4,1,790
4,1,1123
3,1,473
5,1,1925
3,3,1303
5,1,1133
1,1,483
3,1,393
5,1,623
4,1,318
1,1,480
3,7,515
4,7,619
2,3,374
4,2,2236
5,1,2103
4,7,1143
5,1,2926
4,7,678
4,7,490
2,1,440
4,7,372
1,3,450
1,3,323
1,3,200
1,3,280
3,7,560
1,7,452
1,7,381
2,1,1685
4,3,747
2,1,625
2,7,698
1,1,817
6,1,1518
3,7,635
5,7,442
4,3,1003
5,5,370
4,3,703
3,1,1143
1,7,515
4,7,650
5,1,1438
3,7,373
3,6,273
3,1,1190
3,1,1410
5,7,1228
3,1,1089
4,2,663
6,1,745
3,1,1285
3,1,1998
3,1,1800
1,1,1168
2,7,1135
3,5,937
5,3,423
1,3,250
3,1,588
3,1,2213
6,6,370
3,3,485
2,1,1790
1,1,383
1,3,300
1,7,260
3,3,898
4,7,500
5,3,723
4,1,952
5,3,670
4,2,1183
6,2,1175
4,1,1695
3,1,555
4,7,403
3,7,643
2,3,340
3,3,613
4,1,535
4,1,1576
4,3,810
1,7,657
3,1,832
2,1,1560
5,1,1112
2,7,369
1,1,1067
4,1,243
2,7,243
4,1,603
2,1,1058
3,1,1303
1,1,1098
6,1,2255
3,1,1185
4,7,340
3,1,343
6,1,618
3,1,1578
4,1,2165
3,7,701
4,1,1160
4,1,618
4,1,1290
1,1,1585
6,7,1530
8,1,2260
1,1,745
1,7,533
3,7,635
2,1,651
3,1,673
4,1,1010
2,1,578
2,7,600
3,3,823
4,6,823
5,7,345
4,7,553
2,1,778
3,1,610
2,7,512
3,1,1165
4,1,1025
3,3,703
2,3,312
1,1,448
2,1,503
3,1,618
4,7,378
2,1,1573
3,5,1008
2,3,461
1,7,530
4,1,538
2,1,992
1,7,300
2,3,608
2,1,575
1,1,838
2,1,792
3,1,935
1,7,350
4,3,433
4,7,582
5,1,1495
6,3,423
3,3,545
3,7,398
2,7,533
5,1,1156
1,3,350
1,7,1225
4,7,3199
3,3,975
1,7,363
4,7,485
3,1,1253
1,1,1660
3,1,1333
3,6,523
4,3,495
2,7,1170
3,3,493
1,3,300
1,3,307
1,5,1590
3,3,423
5,1,1268
2,3,408
2,7,880
2,3,2205
1,1,1070
2,1,1619
3,7,1183
4,1,680
4,7,593
1,3,60
5,7,675
1,6,213
1,7,520
5,7,1793
2,1,625
4,7,845
3,7,822
7,3,750
3,7,1293
1,3,1003
2,6,633
1,5,1150
3,5,1680
3,5,760
4,3,2290
1,1,1078
3,3,705
5,1,625
4,7,1123
3,1,1273
4,5,1380
1,5,1890
3,3,515
1,5,912
2,1,462
1,1,433
5,1,1720
3,7,350
5,3,743
2,6,423
6,6,1530
1,1,659
2,1,913
7,3,1063
1,1,1606
3,1,2200
3,3,898
4,3,388
4,1,1088
3,1,3218
2,3,523
3,1,2593
1,1,1592
4,1,1748
2,1,678
4,7,928
1,1,666
2,6,203
3,1,298
5,1,810
4,3,208
3,1,1100
5,1,945
1,6,243
3,7,724
4,1,2097
2,1,2117
1,1,1070
5,3,423
2,1,761
4,7,616
2,1,941
2,1,551
2,1,693
3,7,770
1,1,990
6,7,735
1,1,1445
1,7,1212
5,1,2548
1,1,1147
1,3,665
1,1,2162
2,1,4856
1,3,350
2,3,523
3,6,530
3,3,2523
2,1,1240
1,7,705
1,6,1473
3,5,1303
1,5,542
2,1,2368
3,3,823
1,3,450
5,3,715
4,1,2641
2,1,1658
2,3,786
4,1,1275
3,1,395
2,1,266
4,1,591
4,6,641
2,4,2244
4,7,395
2,1,256
4,3,492
4,3,376
4,1,914
4,1,876
4,6,830
1,3,313
1,3,300
1,3,300
2,3,478
3,3,850
3,1,2088
2,1,1322
1,1,2580
3,3,1345
2,3,673
2,1,615
5,7,2718
3,1,767
3,1,1315
3,1,930
3,6,423
4,1,645
1,1,518
2,1,295
4,1,807
5,7,792
3,1,2720
3,1,1680
2,7,377
2,7,464
1,1,532
6,6,536
5,1,458
7,1,721
2,1,530
7,1,1432
8,1,166
3,7,380
7,1,1064
7,1,412
2,1,990
1,1,1024
4,1,1532
3,1,1024
4,1,1026
2,1,308
3,1,370
2,1,292
3,1,372
3,1,419
2,1,397
2,1,330
3,7,620
1,1,200
2,1,235
4,1,305
3,1,540
2,7,135
3,1,285
1,1,155
5,7,188
6,7,940
2,1,180
4,7,600
3,1,1060
3,1,138
1,1,327
1,1,100
2,1,238
1,1,423
4,1,568
3,1,73
5,1,258
2,1,328
2,1,148
4,1,178
2,2,436
1,1,133
3,1,381
4,1,415
1,3,156
4,1,360
5,1,341
3,1,410
1,1,348
3,3,212
3,3,207
3,3,187
2,1,740
4,2,745
2,3,275
5,2,525
2,1,470
5,1,285
4,1,377
2,1,355
2,3,223
3,7,397
2,1,865
2,1,1588
1,1,1552
4,1,887
2,7,1114
3,1,2089
3,7,1136
2,1,577
2,7,370
3,7,268
2,1,1196
3,1,388
4,1,660
3,7,180
1,1,345
4,1,755
3,7,150
1,6,300
2,1,5280
1,1,2120
4,1,3110
3,1,1251
2,1,1128
2,1,1718
5,1,1087
4,1,733
2,1,303
3,7,283
4,1,205
6,1,356
4,1,1595
1,1,138
1,1,135
4,1,357
2,1,557
1,1,348
2,7,348
1,1,564
6,1,685
3,7,284
3,1,702
3,1,295
3,1,560
3,1,315
3,1,360
5,3,265
3,1,605
1,1,396
4,1,857
1,7,1090
4,1,1067
2,1,812
1,1,500
3,1,365
2,7,285
1,7,265
5,2,800
4,1,657
3,1,1276
3,1,1145
6,1,338
6,1,385
3,7,338
4,1,377
3,1,345
1,1,1743
6,6,575
4,1,955
2,3,273
2,1,390
3,1,390
4,1,515
4,1,464
3,7,1125
1,1,882
4,7,681
4,1,302
2,1,428
4,1,574
5,1,466
5,1,474
4,1,309
5,1,477
4,1,312
6,1,382
2,1,678
5,1,758
4,1,1128
8,7,448
4,3,465
4,3,455
3,1,955
5,1,1235
3,1,652
2,3,340
2,3,453
1,7,438
3,1,960
3,1,920
4,3,513
1,1,667
3,1,100
4,8,100
2,3,200
3,8,100
2,1,150
4,1,150
3,1,180
4,1,150
2,1,402
3,1,300
4,1,300
4,1,400
5,1,140
2,1,526
5,1,580
2,1,425
4,1,125
4,1,175
2,1,25
3,1,100
1,1,38
5,1,128
6,1,318
2,1,174
6,1,404
4,1,546
2,1,225
6,1,261
5,1,354
3,1,1036
3,6,277
6,1,506
3,1,275
1,1,263
1,7,263
3,1,324
4,7,135
1,7,50
1,1,100
1,7,30
5,1,158
7,1,576
6,1,250
3,1,436
3,1,273
5,1,100
2,1,100
2,1,130
6,7,620
3,1,325
3,1,630
1,1,544
3,1,1054
6,1,627
5,1,641
3,7,135
6,1,326
7,1,441
6,1,190
2,1,340
2,1,330
1,1,435
5,1,335
6,1,302
3,1,150
2,7,215
1,1,285
6,1,625
4,1,267
1,1,215
5,1,250
2,1,628
3,1,1039
1,1,363
5,1,569
2,1,288
4,1,289
2,1,332
4,3,870
2,1,2106
5,1,2176
4,1,3180
4,1,110
1,1,110
2,1,345
3,7,245
4,7,70
2,7,70
2,1,150
1,1,150
7,1,230
4,1,230
1,1,100
5,1,335
3,7,810
2,1,949
5,1,710
1,1,810
2,1,326
4,1,246
2,1,373
1,1,328
3,7,515
4,1,487
3,1,615
1,1,440
4,1,810
2,1,391
5,1,1386
3,7,568
4,7,1604
2,1,615
3,1,1152
4,1,1086
1,6,231
5,1,521
1,1,132
3,1,464
3,2,613
4,2,756
7,1,605
4,7,155
6,2,2248
7,2,407
3,2,652
4,2,940
5,2,660
2,1,1246
6,1,1140
8,2,976
3,1,445
3,7,242
3,1,157
3,1,539
3,7,525
6,1,490
5,1,447
4,2,1295
5,2,1220
4,7,590
1,1,255
4,1,492
2,7,460
3,7,270
1,1,361
2,7,250
3,1,871
4,3,398
1,6,201
5,7,905
5,1,622
6,1,1447
5,1,490
2,7,375
5,7,305
5,2,313
1,7,225
5,2,675
1,7,250
5,7,443
2,2,1025
3,7,590
3,7,415
4,1,435
3,3,625
2,1,415
2,2,676
2,2,556
3,2,657
5,2,785
2,1,1096
3,3,976
4,3,856
5,1,1306
3,7,776
3,7,626
4,1,1305
5,3,476
2,7,438
1,3,285
6,1,2665
3,1,815
2,1,836
5,7,521
4,1,956
3,7,606
3,7,445
4,6,865
5,3,528
3,5,1175
5,7,205
4,1,790
5,1,1375
4,7,1230
6,1,765
4,7,605
2,1,1175
7,7,790
5,1,1025
4,7,615
2,3,460
3,1,390
3,1,570
4,1,1343
1,1,890
3,1,2188
2,7,838
3,1,1125
5,1,1725
7,1,1670
3,6,1788
3,6,513
3,6,433
2,6,423
3,3,383
5,7,840
4,7,1195
6,7,1350
4,1,1240
5,1,625
4,8,945
3,3,435
4,1,698
4,5,2305
2,3,424
5,1,1770
2,3,300
4,3,1219
7,6,1105
2,1,2393
1,1,633
2,6,313
5,1,1295
1,7,400
5,1,1217
3,3,575
6,3,655
2,1,1778
3,3,476
1,1,3520
2,1,385
8,3,2426
1,3,415
1,1,625
3,3,325
3,7,545
3,1,1292
6,6,440
3,2,948
4,1,863
2,4,1175
7,1,736
5,1,723
4,1,520
3,1,646
1,3,530
4,1,665
3,1,1050
4,1,1175
3,1,1355
2,1,1131
4,1,775
2,1,1100
4,7,538
3,3,394
6,1,840
3,7,610
3,7,555
5,3,1835
2,1,630
2,3,325
5,3,925
4,3,195
3,7,395
2,1,853
2,2,650
3,1,548
2,5,893
2,1,917
1,7,250
3,3,655
3,7,1272
2,1,3515
3,1,1662
4,3,470
6,3,977
3,1,1880
3,5,675
4,1,1203
3,2,4510
6,7,1542
2,1,590
4,1,2473
7,1,1740
4,7,715
5,1,1006
1,7,403
1,7,450
3,1,790
6,3,800
4,7,575
4,7,383
1,3,825
5,3,858
4,1,750
4,7,605
1,1,480
2,3,325
5,3,395
2,3,450
4,7,379
3,1,1040
2,1,1420
2,5,580
1,3,240
2,3,1261
3,1,673
4,3,708
4,3,1045
2,3,175
5,3,1676
3,3,360
2,3,1000
3,3,608
6,3,1195
3,3,769
3,1,1225
1,1,5104
1,7,200
2,7,400
1,1,560
3,7,665
1,7,407
3,7,590
5,1,944
4,3,959
1,3,400
4,1,470
3,3,312
2,5,592
5,5,400
3,5,450
1,7,162
1,1,545
1,1,320
6,7,489
4,1,416
4,3,1225
3,1,905
1,6,437
4,1,3705
3,1,443
4,3,610
5,5,520
2,1,475
3,7,590
2,3,760
4,7,530
2,3,525
6,7,593
1,1,450
5,1,1795
3,1,1410
3,1,1740
3,7,1145
3,3,1730
5,5,586
2,1,2205
5,3,1405
3,1,1265
5,7,723
3,3,1172
5,3,525
2,7,728
7,5,530
4,1,751
2,1,1240
2,3,1643
2,3,2025
2,1,910
5,3,595
4,3,425
2,3,491
7,3,453
3,3,719
6,1,1169
3,1,685
6,3,325
5,3,730
1,7,280
4,7,465
5,7,480
3,1,3970
1,3,375
1,1,867
4,1,866
2,1,2138
2,1,988
1,7,400
2,3,1325
1,7,250
6,1,615
6,1,650
1,7,708
3,1,542
4,1,756
3,7,630
3,1,745
2,1,725
5,3,425
4,3,435
10,3,308
1,3,445
4,3,375
6,1,635
2,7,313
2,7,333
4,5,560
2,1,695
3,7,405
1,7,385
3,7,2155
4,5,1855
5,2,2898
4,1,1725
4,3,575
3,3,850
2,3,820
4,3,2795
1,1,3210
3,3,995
1,3,350
5,5,2045
2,1,2750
3,3,1380
3,1,875
3,1,918
5,7,752
9,3,1755
2,1,1165
6,3,1175
3,5,1615
5,1,912
3,7,555
2,2,625
1,7,905
5,3,812
4,1,2653
2,7,674
7,7,755
1,7,392
4,3,1378
3,2,495
3,3,800
4,7,235
2,1,725
6,2,1121
4,7,505
7,3,1345
5,8,1850
4,7,1375
6,1,1293
2,8,472
1,1,360
5,7,525
3,8,418
3,1,2084
4,8,2200
3,1,1710
3,8,1690
1,1,1105
3,1,2390
6,5,1135
6,7,1725
3,1,1703
3,7,525
2,7,593
3,1,1295
3,1,1120
5,7,1718
2,1,1805
5,3,1318
4,7,450
4,2,1745
5,3,455
5,7,300
3,8,900
1,7,440
5,3,1195
6,1,1488
1,1,910
3,8,655
3,5,1135
5,1,760
4,2,1643
5,3,1134
5,7,2685
6,1,1155
5,1,1968
1,3,505
2,7,450
1,1,1550
5,1,1205
5,1,1705
4,3,1445
4,1,705
3,1,445
5,7,670
2,1,765
5,3,1122
4,1,635
6,1,822
6,7,895
1,3,350
2,1,1155
2,1,1570
2,3,415
5,1,530
2,1,2710
4,1,604
7,1,762
3,1,1380
3,7,648
4,3,625
2,1,1135
4,7,635
1,1,599
2,7,425
3,1,704
3,5,1275
2,7,380
5,1,650
6,7,532
2,2,1345
2,7,1235
3,1,1000
1,1,645
4,1,637
6,1,1745
4,2,608
5,1,663
2,2,625
1,7,315
5,2,813
4,2,1125
4,2,1305
5,2,1538
3,2,665
7,2,900
5,2,585
2,1,2170
1,7,564
3,1,3703
4,6,315
2,1,2705
6,1,870
4,3,497
4,1,872
5,2,1435
5,1,647
1,7,1135
1,3,560
2,1,935
5,3,430
3,7,410
4,7,400
4,4,575
3,1,1676
4,3,506
1,3,414
5,3,1446
4,1,1802
2,5,850
2,7,1373
1,3,395
6,3,605
4,7,722
1,1,580
7,1,725
4,7,1105
4,1,1692
6,3,800
6,3,525
5,1,1240
1,7,373
3,1,1070
5,7,625
4,1,485
1,1,387
4,7,445
4,1,788
1,3,350
6,1,2055
3,5,655
4,1,965
1,7,100
3,7,415
1,7,210
2,7,210
2,7,675
3,1,1490
4,3,826
5,1,2232
3,1,1123
4,1,1638
3,1,1180
4,7,489
6,1,595
7,7,722
3,7,605
5,1,920
3,1,1725
2,3,682
5,5,485
3,3,685
4,3,320
6,1,915
2,1,855
1,7,590
4,1,1162
4,1,695
4,1,725
4,1,620
1,3,400
3,3,725
3,5,435
1,1,2160
2,3,455
1,1,880
3,3,513
4,3,475
6,3,1025
4,1,3130
2,1,1215
6,1,2198
4,1,2285
3,1,1772
6,1,2176
6,3,1732
5,3,1655
3,3,626
5,3,726
4,3,555
3,1,880
8,1,2015
5,1,2015
5,1,1310
4,7,503
1,7,377
2,7,345
4,1,765
3,1,625
4,1,300
1,1,430
3,7,655
2,1,730
3,7,980
5,7,485
4,3,800
4,1,1823
1,3,553
6,5,1623
1,1,1793
1,1,1393
2,1,1742
2,3,613
1,5,703
3,1,2715
4,1,2178
5,5,1170
3,1,1435
2,7,2367
5,5,1375
5,3,1226
5,1,1757
3,1,1973
6,1,1673
3,1,1511
3,1,1843
1,3,500
4,3,825
1,3,500
4,7,1500
4,7,1189
3,3,325
3,3,375
4,5,725
3,7,1180
3,7,415
3,1,425
2,7,617
3,7,410
3,1,775
2,7,525
4,7,623
1,1,1080
5,3,476
3,1,606
4,1,1866
2,1,3825
3,5,2875
4,7,2905
6,1,3855
2,3,5355
2,1,3570
4,1,2505
4,3,566
1,1,573
4,3,976
2,1,556
3,3,526
1,7,500
5,1,2885
5,1,2975
4,1,3130
4,3,775
4,3,995
3,3,2159
4,1,6010
3,1,3073
2,3,1953
5,7,1423
5,7,1473
3,1,3570
2,1,655
2,3,1675
4,3,1155
4,1,2860
3,1,2812
4,1,2625
1,1,2105
4,3,582
3,1,2423
2,3,477
1,3,355
1,7,743
2,1,3135
4,7,1606
3,7,1405
3,7,1385
3,7,1066
3,7,2030
3,3,1335
1,5,505
1,3,485
3,3,2265
4,3,2970
2,1,1743
2,1,1658
2,7,480
2,1,1863
2,1,2710
4,3,675
4,7,710
1,3,463
5,3,505
2,1,1855
5,5,925
3,1,1885
1,1,4243
4,1,2803
4,7,873
2,1,3680
1,1,3030
5,7,2453
2,1,3900
2,1,3288
2,1,1813
1,1,923
3,1,528
3,1,1300
6,5,1351
3,2,1170
4,3,825
4,3,1165
4,8,720
5,1,1202
3,7,515
2,3,1705
2,3,625
5,3,1225
2,1,705
4,5,603
3,3,393
3,3,393
2,1,1243
2,7,1245
4,3,520
3,3,675
1,1,780
2,1,755
1,3,675
4,7,855
4,3,775
3,1,820
2,3,490
3,7,513
2,5,503
1,7,350
1,7,860
4,7,1312
4,3,825
4,1,1245
3,1,1197
3,1,1175
3,1,688
7,7,485
3,1,618
4,7,1685
4,3,905
1,1,2292
1,7,550
3,3,1330
2,5,1135
3,7,695
4,1,625
3,1,2242
2,7,508
5,3,855
2,3,625
3,1,837
2,1,470
3,7,1212
3,7,1067
4,3,1485
1,3,665
7,7,1845
4,1,2325
1,1,903
4,1,981
4,1,1138
3,3,613
1,5,722
2,3,595
6,3,625
2,7,655
2,3,723
6,1,4005
1,3,523
1,3,600
6,1,4450
2,1,4125
3,3,1265
3,7,775
3,3,650
2,1,7918
4,1,3390
2,1,2280
1,3,450
5,7,438
3,5,1642
4,1,1622
1,1,1578
5,1,3190
2,3,825
3,3,1025
4,7,775
4,3,1504
3,3,825
3,1,713
2,1,3589
1,3,500
1,3,500
5,7,1275
4,1,2305
1,1,1645
2,7,1785
2,1,1955
6,1,1312
3,7,915
1,7,350
2,3,340
1,1,250
5,1,1650
5,1,1690
2,3,475
4,7,895
1,7,410
2,7,602
3,7,805
4,7,875
2,7,995
1,7,655
2,1,1805
4,7,840
5,7,1050
1,7,1605
1,3,700
1,3,656
2,3,1796
2,5,793
3,1,1247
3,7,877
4,1,2273
1,3,2255
2,3,2256
1,3,2235
1,3,1555
2,5,2126
2,5,2326
1,5,2126
4,7,2126
3,5,3163
4,3,1516
1,3,1514
1,3,1365
1,1,3425
4,1,4350
2,1,5641
3,1,2475
4,1,3460
3,1,4225
1,3,620
3,1,5825
3,1,3400
3,3,2320
5,7,2325
3,1,2255
8,1,3950
5,7,970
2,7,378
5,3,1652
1,3,500
9,1,1372
2,7,1215
4,7,1345
3,3,675
4,7,1058
2,3,1000
2,1,3820
6,1,1625
2,1,2025
10,3,634
5,7,2055
5,1,2278
3,7,1420
3,7,2370
3,7,1325
5,1,3993
2,1,2184
1,1,2667
4,7,623
3,3,1773
1,7,700
3,1,2785
2,1,2229
1,7,630
2,1,3285
1,5,423
3,1,1200
7,7,685
3,7,1225
1,3,680
5,3,650
3,1,1968
4,7,1092
5,1,1730
5,1,965
4,1,970
2,7,512
5,1,2873
4,1,1720
4,1,800
1,1,1305
4,1,2365
1,7,475
3,3,1153
4,1,1805
1,1,2683
6,1,1575
4,3,1688
4,1,2656
2,5,813
1,3,1080
3,7,665
3,7,1225
3,7,975
4,3,325
4,3,325
4,1,1195
2,1,710
5,1,1200
4,1,2025
7,1,1285
4,3,395
4,3,555
5,1,807
1,7,425
4,1,1353
3,1,2495
4,1,2193
6,1,2325
3,3,3476
4,1,1900
4,3,1725
6,3,3296
4,1,2200
2,1,2449
4,3,1490
2,3,476
7,5,2710
4,7,2145
2,3,525
4,5,10190
5,1,950
2,1,1998
4,1,1910
3,7,560
2,1,1543
1,3,450
4,3,1073
1,3,3990
2,4,3666
1,7,610
4,3,871
5,1,2225
4,5,2295
3,3,2136
6,3,540
4,1,2371
3,3,1445
2,1,1225
1,1,1105
4,1,1930
4,1,2918
2,3,825
4,3,1070
2,1,2220
3,1,1823
5,1,2873
2,1,625
1,1,1970
3,1,2748
1,1,6090
2,1,2270
1,3,420
1,7,740
2,1,379
7,1,2275
4,7,1705
4,1,2375
1,3,575
7,2,3725
6,3,2075
5,3,2325
2,1,4975
2,1,2316
2,1,2267
1,6,324
4,1,2180
2,1,1967
1,1,1790
2,3,580
5,7,2847
2,1,3115
2,1,3208
4,6,1026
2,1,3717
4,3,1175
2,1,3694
5,1,2315
2,3,690
1,3,680
1,3,680
3,3,475
2,3,525
2,1,2680
2,1,2788
5,1,2375
3,3,1665
2,3,975
2,1,5545
4,1,2205
4,1,3300
3,1,3459
2,3,800
3,3,925
3,3,1025
1,1,1110
1,1,1125
1,7,682
1,5,833
5,2,5392
1,7,700
6,3,620
5,7,935
2,1,3670
2,3,3915
2,3,3250
5,1,6250
3,2,7745
4,3,5497
1,7,780
3,7,1085
3,3,923
3,1,1805
4,1,2360
4,7,2195
5,1,3260
6,1,710
2,1,1292
1,7,875
2,1,3379
4,1,2305
1,7,600
4,3,475
4,3,595
4,3,615
1,1,885
5,1,1095
2,7,919
1,7,580
2,6,607
3,7,655
1,1,975
9,1,10360
2,1,7777
1,1,7226
1,3,4640
1,3,4399
4,3,6490
3,3,887
2,1,6365
3,1,6601
1,7,590
1,3,525
1,3,925
1,5,700
1,7,570
2,1,7175
1,7,750
3,1,7342
5,7,2712
3,3,763
3,3,773
2,5,3355
3,3,1625
2,3,5125
2,1,2825
2,7,1600
2,1,7632
2,3,855
4,3,2323
1,3,925
3,1,7255
1,7,2143
3,1,1585
1,7,660
3,7,1925
3,3,1305
2,3,1155
6,3,780
4,7,2290
4,7,3309
5,3,3975
2,3,1725
5,6,3930
1,3,1547
2,3,2095
5,1,10378
2,3,2715
1,3,3049
1,7,1300
1,3,1575
1,3,1323
4,3,1473
1,3,700
4,3,2615
1,7,630
1,7,800
1,1,8375
4,1,8185
1,7,925
1,7,5773
2,2,2425
5,6,3475
4,7,3405
3,1,1410
2,3,875
2,3,875
1,3,1328
1,3,723
1,3,623
4,1,5822
2,1,813
2,3,1985
2,3,2058
5,1,4889
1,3,700
2,3,1185
1,7,525
5,1,2890
1,3,400
2,1,1448
6,1,1952
4,5,1448
3,1,1570
4,1,1206
6,1,1540
3,7,1014
6,2,2315
3,1,2270
4,1,2373
5,3,1175
3,3,1405
2,1,1852
2,1,1539
3,7,1188
2,1,1918
6,7,1225
7,7,720
3,7,1240
5,3,1695
3,7,543
3,5,1665
3,3,2125
5,1,2811
4,1,2428
3,1,2107
4,1,2058
3,5,1028
1,1,1693
7,1,2315
4,1,2266
3,1,1273
1,3,1355
5,1,1970
2,3,1333
8,3,2005
1,3,2210
3,7,1718
4,3,1628
4,1,2328
1,3,623
3,1,3363
2,5,4050
3,5,2303
6,3,753
2,3,723
4,7,1146
1,3,1523
4,1,2252
1,3,350
3,7,1338
3,5,1298
3,3,925
1,3,1025
3,3,1545
1,3,485
1,1,1620
1,6,425
4,3,2463
2,1,1223
4,7,896
3,7,876
4,7,926
5,1,695
3,7,1277
3,7,2195
4,5,1623
5,1,3040
1,3,1200
2,7,920
2,1,1760
1,7,360
2,1,775
4,7,1090
1,7,890
7,5,850
4,1,4358
3,7,1745
1,1,3228
5,7,2010
4,3,923
1,3,700
3,3,623
3,3,834
3,5,636
3,1,2145
3,5,1720
1,5,645
1,5,2325
4,3,1525
1,3,2805
7,7,1198
2,3,623
3,7,395
2,3,2790
5,2,4355
2,1,3140
5,2,3365
2,1,2169
4,1,3855
2,3,3293
4,2,3768
2,2,3782
7,1,10874
4,7,3865
3,1,3920
6,2,3775
2,1,385
4,1,3305
5,2,2425
4,2,5315
4,2,2280
4,3,2632
3,3,2730
5,3,3648
6,1,1030
7,2,792
4,1,1665
5,7,650
11,1,2427
6,2,997
3,2,835
1,1,940
5,7,1775
3,1,1105
4,1,1785
6,1,1785
5,7,382
4,3,560
3,3,318
9,6,436
6,3,540
5,1,585
5,1,453
3,7,263
4,1,782
2,1,403
6,3,392
2,3,500
4,1,483
1,1,648
4,2,843
3,1,611
4,1,734
4,1,378
5,2,770
10,1,414
5,2,718
2,1,157
6,3,368
3,3,320
3,1,643
4,1,303
3,1,525
3,1,431
3,2,385
4,1,447
4,7,393
2,1,343
5,1,521
4,1,599
5,1,666
5,1,1425
5,3,848
1,1,770
8,1,663
7,3,468
7,3,633
2,1,617
2,1,578
5,1,713
4,1,803
4,1,1133
4,1,1498
5,1,510
2,1,300
3,3,225
6,8,345
2,1,640
3,1,408
2,7,311
4,1,564
5,4,1098
4,7,321
6,1,1094
6,1,1076
3,1,705
1,1,253
2,1,1700
4,1,576
7,1,2467
2,3,637
4,1,397
3,2,735
4,6,450
6,1,675
1,1,780
3,3,300
3,1,380
7,1,1048
4,2,602
4,2,1701
3,7,1686
3,3,480
4,1,925
6,7,473
4,1,585
4,7,689
1,5,545
6,3,733
4,1,2645
3,3,305
1,1,1090
4,7,422
3,1,533
6,1,704
1,3,414
3,1,517
3,7,602
1,3,290
5,3,361
5,2,950
4,1,1827
2,1,1227
5,3,377
3,3,902
3,1,1660
3,1,1742
5,1,1158
5,1,1285
1,1,1595
1,3,350
1,3,400
2,1,615
2,3,436
2,7,675
1,1,1165
3,7,646
2,7,506
4,7,656
5,3,911
6,1,183
6,7,416
6,7,840
1,1,717
2,1,613
5,1,1025
4,1,730
3,2,1105
1,1,885
8,1,855
4,3,375
6,3,895
2,7,675
5,7,775
4,1,1325
1,3,560
4,1,633
4,1,530
3,1,965
2,2,454
1,3,273
5,2,722
5,2,649
4,1,850
1,1,1342
1,1,1245
4,1,1565
5,1,600
6,1,645
4,1,575
3,1,1660
1,1,380
4,1,2515
4,1,1125
3,1,807
4,7,495
3,3,500
11,1,1270
2,3,193
4,1,1013
4,1,873
9,1,683
3,1,672
4,1,1144
7,1,483
3,1,1368
8,1,1186
6,1,635
6,1,633
6,1,766
1,1,1785
3,1,1101
5,1,1485
3,1,1483
7,1,835
4,1,1055
3,1,1065
3,1,425
4,1,585
5,1,875
4,3,565
4,1,530
6,5,1223
5,1,1323
1,7,603
2,3,1163
5,7,676
5,1,804
6,6,558
5,2,741
6,1,778
2,1,728
2,1,693
3,3,478
3,1,1078
1,3,680
4,3,590
2,3,625
4,7,648
3,1,633
2,1,593
1,1,903
3,1,1523
9,7,833
4,7,433
2,1,1380
5,1,988
3,1,478
4,5,598
3,7,758
3,3,326
3,1,775
3,1,1796
1,6,1373
6,1,1210
2,1,1123
5,1,1143
4,7,453
3,7,625
5,7,553
3,1,516
1,1,360
3,1,1233
4,1,753
4,3,553
4,1,585
3,1,580
1,1,635
2,1,645
4,3,520
4,1,575
1,3,240
1,3,240
1,3,250
2,1,455
2,7,445
4,7,595
1,1,398
2,1,503
2,1,490
4,1,680
1,1,411
1,2,491
4,3,330
3,7,350
2,1,1248
2,3,278
2,1,1381
3,1,1242
2,1,1118
1,3,350
4,3,377
3,3,377
3,3,298
3,1,1640
3,1,1960
4,1,1665
3,3,526
3,1,2067
1,7,640
3,7,625
3,1,1260
3,1,1032
1,1,1130
3,7,540
3,1,1325
3,1,2155
4,7,1182
3,3,1325
2,1,630
2,7,650
5,7,650
1,7,590
4,1,590
4,1,2028
8,1,1283
3,6,538
3,1,1363
1,7,500
2,1,2228
5,2,2258
6,1,453
5,1,695
2,1,1113
3,1,278
2,1,447
3,1,473
3,3,525
4,3,1525
1,7,380
2,7,380
1,1,1210
3,1,1075
4,1,1310
6,1,1305
4,1,1318
4,5,1025
1,3,375
1,3,375
3,3,1755
2,3,925
2,7,620
6,3,1075
3,1,1275
2,7,495
2,3,525
4,7,565
2,3,1665
3,1,1252
4,7,2395
1,1,2209
4,1,2196
3,1,2673
3,1,1942
3,1,982
4,1,2710
2,1,1914
2,1,1029
4,1,2604
4,7,1200
4,1,3048
4,1,1497
4,7,742
2,1,1624
3,7,1107
3,1,302
5,1,332
4,1,2535
2,2,4396
6,1,1166
3,1,10225
6,3,973
4,5,853
5,1,1003
1,3,373
4,3,373
1,3,373
1,3,373
1,1,1323
2,7,418
2,3,518
6,3,693
4,1,493
2,1,460
1,1,1128
6,3,380
1,3,385
2,1,310
3,7,665
4,1,865
3,1,443
2,7,375
3,1,405
3,3,337
2,3,435
2,1,1230
2,1,1195
2,7,667
5,1,1680
3,7,572
4,1,930
4,7,620
4,1,630
2,7,823
3,5,468
1,3,425
3,1,560
7,1,783
4,5,1256
1,3,500
1,3,510
2,7,398
3,1,817
3,3,403
2,1,513
1,3,365
1,3,425
1,3,330
3,3,635
1,1,353
4,1,713
5,7,572
1,3,143
4,3,895
6,3,495
5,1,623
8,1,1443
4,1,997
3,3,377
1,1,577
4,1,837
2,1,470
5,1,620
6,1,746
5,1,510
5,1,413
1,1,505
3,3,387
2,7,880
2,1,426
6,3,311
3,1,447
2,1,1365
5,1,615
4,1,400
5,1,605
1,1,555
2,1,547
7,1,645
3,1,1200
2,1,1177
3,1,1252
3,1,650
2,1,206
1,1,360
5,7,370
3,7,1165
8,1,720
8,1,375
7,1,395
7,1,395
8,1,755
2,8,405
9,8,267
5,1,320
9,3,1062
3,1,755
5,1,1126
5,1,632
3,1,1045
8,1,1100
1,1,1083
3,1,1073
3,3,328
3,3,228
3,1,601
4,7,228
2,7,268
7,1,1644
5,1,2011
1,7,480
5,1,1278
2,1,395
2,1,637
1,1,485
2,1,1182
2,1,742
4,7,655
4,7,500
1,1,645
4,1,453
4,1,1828
5,7,803
1,1,1104
3,1,417
6,1,431
3,1,395
3,1,995
2,1,1203
5,1,620
5,1,790
6,1,730
1,6,2100
9,1,390
2,1,2096
2,3,765
4,7,410
4,1,690
4,1,325
4,1,435
3,1,910
4,1,956
3,1,930
4,7,1060
3,7,465
3,7,435
2,3,460
5,1,405
1,1,536
5,1,680
5,1,1070
1,1,777
2,1,406
8,1,570
3,7,510
2,3,330
1,3,330
5,3,480
1,3,250
4,7,400
5,7,380
5,7,600
2,3,405
3,6,985
5,1,690
2,1,408
5,1,775
5,6,688
2,1,635
4,1,400
3,1,1201
5,1,1312
3,1,1142
8,1,1410
1,2,680
6,1,493
4,3,606
1,3,330
1,3,370
5,1,638
1,1,623
2,3,427
1,3,330
2,1,425
5,6,330
2,1,1912
3,1,1071
3,7,490
4,3,460
6,1,402
5,1,170
4,1,390
6,1,530
2,1,200
6,1,282
3,1,250
4,1,324
8,1,75
7,1,70
6,1,90
3,1,80
5,8,307
6,8,318
1,8,275
2,1,450
3,1,550
3,8,285
3,1,588
4,1,623
3,7,1060
2,1,673
1,1,388
2,1,1000
10,1,375
7,1,430
6,1,1305
5,1,730
3,1,450
4,7,494
11,1,503
6,1,210
3,1,320
3,7,190
5,1,215
4,1,275
1,1,1015
4,1,645
5,1,635
1,1,925
1,1,380
4,7,350
4,7,290
4,1,500
2,1,510
6,1,560
2,7,365
4,1,400
9,7,388
4,1,277
1,1,238
4,1,269
1,1,860
3,1,571
7,1,535
5,1,602
4,1,1315
2,1,1098
6,1,419
1,7,390
1,1,716
2,1,375
1,1,255
2,1,595
2,1,168
2,1,174
1,1,129
5,5,336
3,1,511
4,7,322
1,3,580
1,3,715
1,1,420
1,1,424
3,1,370
2,1,465
1,1,780
2,1,705
1,1,725
3,1,560
2,1,495
5,1,505
6,1,375
4,1,1235
2,1,300
5,1,1457
5,1,1315
5,1,1160
4,1,535
2,1,395
3,1,460
4,7,435
2,3,283
4,1,490
3,7,345
2,1,1076
4,7,331
1,1,1099
4,1,731
4,1,320
3,7,302
4,3,757
3,1,306
2,7,292
2,7,341
7,1,350
3,1,345
1,1,90
6,1,315
1,7,155
2,1,215
5,1,680
4,1,662
3,1,360
1,1,367
2,1,810
6,1,625
6,1,395
1,3,215
2,3,220
3,1,770
2,1,480
3,1,550
6,1,540
4,1,435
6,1,415
4,1,385
4,2,940
1,3,325
1,3,373
6,1,672
5,1,541
2,1,480
8,1,372
1,6,165
2,1,601
2,1,410
4,2,395
4,1,721
5,1,430
5,3,446
4,1,600
6,1,646
3,1,300
2,6,300
2,1,200
3,1,300
2,1,150
3,1,300
4,6,300
2,6,228
3,1,200
4,1,150
2,1,150
2,1,200
1,6,150
1,6,200
1,6,250
1,6,150
1,6,100
2,6,80
1,1,200
5,1,1123
5,1,182
2,1,350
4,1,490
1,1,140
1,7,50
11,1,145
5,1,240
3,1,330
4,1,425
5,1,401
2,1,415
1,1,532
4,1,289
1,1,295
4,1,115
1,8,50
1,8,80
3,8,250
1,8,435
1,8,240
1,8,235
1,1,50
1,1,128
1,8,345
8,1,330
1,1,50
3,8,55
1,8,220
5,8,140
3,8,170
2,8,170
2,8,520
2,8,120
4,8,170
3,8,170
1,8,100
4,8,180
1,8,150
3,8,150
3,7,407
5,1,177
3,1,180
3,7,160
4,1,455
4,1,270
6,1,153
7,1,195
6,1,202
2,1,140
2,1,215
2,1,298
3,1,220
1,1,110
3,1,161
3,1,215
4,6,248
6,1,275
1,1,200
1,1,212
6,1,148
1,1,100
3,1,290
4,1,215
3,2,170
1,1,204
4,6,400
2,1,340
2,8,250
5,1,100
6,1,295
3,1,310
1,7,260
2,1,338
1,1,603
3,1,678
6,1,1080
2,1,1214
7,7,410
4,7,340
1,1,367
5,1,352
9,1,470
3,1,930
5,1,700
6,1,445
2,1,160
5,1,460
2,1,226
4,3,172
6,1,560
3,1,527
2,1,827
3,7,1528
6,1,612
2,1,656
5,1,708
2,1,556
5,1,495
2,7,380
6,1,660
4,1,620
5,1,1140
3,7,1001
3,1,1240
3,1,1660
3,1,1110
6,1,920
6,1,1145
3,1,915
4,6,385
5,6,375
3,6,525
4,1,395
3,1,1300
7,1,850
3,1,900
4,6,745
3,1,610
3,7,940
1,6,250
1,6,250
5,1,1150
5,3,800
6,3,1425
5,2,970
3,2,1670
4,5,2419
6,7,1740
3,1,1793
4,1,3317
3,7,615
5,1,1810
4,1,1785
6,1,592
3,1,830
5,1,735
3,1,685
5,1,1140
4,1,1245
2,3,555
5,1,1076
5,1,2865
7,1,2590
6,1,1225
10,7,365
6,7,970
5,1,925
9,7,860
2,1,895
5,7,1342
5,2,2875
4,1,2390
4,5,1943
5,2,2205
5,1,1560
7,3,1255
10,7,1230
4,7,1050
1,1,810
7,7,2300
5,3,540
7,1,1115
5,1,1645
1,1,1875
3,1,2930
8,1,3327
5,1,1006
1,1,1091
7,1,1383
4,1,1000
5,1,1650
3,7,497
2,1,820
3,1,1055
3,1,2110
4,7,2055
4,7,1220
3,8,345
3,8,1630
3,8,460
5,3,535
5,6,622
5,1,1740
2,1,770
3,1,960
3,1,2105
4,1,3795
5,3,1210
3,5,1435
4,3,555
2,1,5130
7,1,2050
6,7,1738
3,7,2050
4,7,3115
2,7,725
2,7,774
2,1,5219
2,5,2155
3,1,4378
8,6,515
3,2,4215
1,3,710
4,1,1980
2,3,790
3,3,660
1,3,972
4,1,3335
2,1,4478
4,1,3863
3,3,1195
5,3,1560
2,1,3215
2,7,860
1,7,449
4,1,2195
1,1,1445
3,3,3755
5,1,2390
4,2,3255
5,1,2415
6,1,1050
3,1,2945
4,1,2545
5,3,2930
3,1,1707
4,1,1755
4,6,625
4,6,705
4,6,685
4,3,725
6,3,990
6,3,1550
2,7,460
3,1,598
3,3,2420
5,3,3875
2,1,330
9,7,458
4,7,440
6,7,393
3,5,1001
3,7,478
5,7,503
4,7,483
4,1,485
4,7,1133
9,6,390
4,1,415
5,1,383
4,1,573
1,7,530
2,7,403
3,1,673
7,7,415
7,1,355
3,1,425
4,8,375
10,1,250
5,2,285
1,7,460
4,1,495
6,7,643
3,1,3173
5,1,543
3,1,443
5,1,685
4,1,1575
4,1,570
4,1,572
5,7,410
7,1,2145
3,1,555
4,7,435
3,1,430
6,1,610
3,1,1005
3,3,1195
3,7,670
3,7,665
3,7,570
5,1,1665
3,1,1630
4,1,1213
6,7,850
5,1,490
5,1,673
3,1,561
6,1,670
4,1,993
3,1,400
5,1,630
4,1,475
4,1,597
6,1,448
6,1,462
6,1,595
5,1,513
2,1,423
3,1,353
6,2,373
4,1,1382
6,2,1075
9,1,425
5,2,625
3,2,570
2,1,1175
6,1,285
4,1,595
5,2,1705
6,6,540
4,1,835
4,7,557
3,7,240
4,1,1262
5,1,1082
4,1,1194
2,1,1420
3,1,1620
4,1,590
4,7,655
4,7,640
5,1,760
5,1,705
3,1,648
7,3,785
5,1,528
5,1,485
5,1,610
3,1,640
3,3,623
6,1,698
4,1,793
2,1,433
8,1,1663
3,1,448
1,1,638
5,1,1795
2,2,367
2,7,485
3,1,620
4,1,1745
4,7,1080
3,1,2305
6,1,1725
4,1,1073
5,1,2723
6,1,694
6,1,2363
3,1,985
3,1,1189
3,1,1698
4,2,2370
3,1,1095
3,1,555
5,1,2761
4,1,1555
4,1,348
5,1,284
1,1,343
5,1,461
6,1,665
3,1,635
6,1,1115
5,1,665
1,1,595
5,1,640
4,7,860
3,1,730
4,1,745
5,1,650
4,1,812
5,1,623
2,1,532
6,1,635
2,1,410
4,1,535
3,1,665
3,1,538
5,1,549
4,1,545
4,1,2003
4,1,1073
6,1,1047
6,1,513
3,7,388
4,7,455
2,1,405
4,1,475
3,1,1615
3,7,455
5,1,1725
5,3,405
3,1,403
3,1,801
4,1,448
3,1,448
5,1,710
2,1,587
2,1,703
2,2,1841
2,1,284
6,7,261
1,7,590
3,3,968
1,1,503
4,7,409
6,3,653
1,1,458
3,1,841
3,1,895
5,1,695
3,1,730
2,1,900
5,1,975
3,1,520
5,1,605
3,3,2123
2,3,525
5,1,1103
4,7,333
1,3,430
1,1,1643
1,7,390
4,5,2245
1,1,1725
5,2,1735
3,1,1705
2,1,825
3,1,1865
1,1,1245
5,3,1205
2,3,650
4,1,1213
4,3,575
1,3,365
2,3,1585
1,1,1133
4,1,1293
4,3,401
3,1,1645
4,1,2645
5,1,2323
6,1,611
5,1,585
1,1,418
5,1,638
2,1,637
1,3,975
7,1,2585
7,1,1799
5,1,825
4,1,712
5,1,455
5,1,377
4,1,1900
1,3,1620
5,1,1865
10,1,485
5,3,510
1,6,234
6,6,635
4,1,3845
4,1,2863
5,1,1263
5,1,1133
2,3,373
2,1,1135
5,1,750
2,1,2150
5,3,3185
4,4,1645
4,1,1175
2,1,2104
6,1,1105
2,1,1148
2,1,868
3,7,1783
2,7,1183
4,1,980
1,3,950
4,7,2868
4,3,1718
2,7,2118
6,7,711
4,7,2326
2,1,1220
3,2,2673
3,1,737
3,2,250
1,1,575
1,5,1165
2,1,1325
4,1,1405
2,3,925
1,3,300
1,3,450
2,1,4295
4,7,2025
3,1,1375
1,1,1183
8,3,790
1,3,400
3,1,1206
2,1,2271
4,1,2258
2,1,1765
1,2,3180
2,1,3300
3,7,1324
2,1,2205
3,6,660
4,6,610
2,1,590
2,1,527
5,1,905
7,1,794
3,1,585
5,1,560
5,1,520
6,1,484
8,1,495
5,1,495
1,1,575
2,7,675
1,6,517
1,1,680
3,7,380
2,1,280
1,1,185
3,3,320
2,2,385
3,1,505
7,6,420
4,1,530
1,3,652
5,1,701
5,1,780
2,1,770
6,1,570
10,1,570
5,1,730
8,1,730
5,1,985
5,1,560
3,3,475
2,1,535
5,1,1248
4,3,990
2,1,892
2,1,717
5,1,1431
4,1,1207
2,6,787
6,1,1000
2,1,640
2,1,610
1,4,515
4,1,765
4,1,855
2,1,627
3,1,1050
9,1,990
2,1,580
2,3,510
4,1,895
1,1,670
2,1,1260
5,1,1100
5,3,770
4,1,855
4,1,985
1,1,740
4,1,810
1,1,870
4,1,475
3,1,675
3,1,530
4,1,435
3,1,405
2,1,496
5,1,380
3,1,800
5,1,570
2,1,570
5,1,835
5,1,400
5,1,300
2,1,200
6,1,300
4,1,150
2,1,150
3,1,200
6,1,200
3,1,684
2,1,525
2,1,565
1,1,350
7,1,695
1,1,580
3,1,467
3,1,600
3,1,798
4,1,635
2,1,460
4,1,525
5,1,552
9,1,730
7,1,545
4,1,550
4,1,465
1,1,565
4,1,530
7,1,485
7,1,337
3,1,596
1,6,221
1,6,270
5,1,694
3,1,884
4,1,761
7,7,556
7,1,646
4,1,760
3,1,955
3,1,900
3,1,448
2,1,710
2,1,608
5,1,786
3,1,2200
1,1,1800
1,1,920
7,1,1050
1,1,300
3,1,1080
7,1,960
2,1,250
1,6,370
4,6,700
2,6,500
2,6,350
5,1,500
5,1,570
4,1,620
4,1,500
8,1,200
1,1,435
8,1,300
6,1,650
3,1,150
3,1,150
5,1,150
1,1,150
5,1,100
5,1,120
2,1,100
3,1,155
2,1,200
1,7,200
1,6,300
3,1,500
3,1,300
2,1,200
6,2,200
1,2,200
6,1,355
5,1,455
1,1,245
5,1,460
7,1,153
6,2,176
7,1,165
4,1,132
10,1,531
2,6,515
2,1,125
2,1,525
3,1,150
2,1,200
2,1,120
1,6,100
2,1,100
2,2,100
3,1,200
2,1,300
4,1,200
7,1,200
3,1,300
3,6,100
3,1,545
2,1,240
6,2,245
2,1,330
5,1,265
6,1,410
2,1,217
4,6,365
6,6,275
6,1,275
4,1,475
7,1,375
6,1,1500
6,1,500
3,6,540
11,1,801
2,1,100
4,1,100
3,1,120
3,2,120
3,1,200
3,1,200
4,1,200
2,1,150
7,6,200
3,6,200
5,8,200
5,6,200
3,1,200
3,1,575
3,1,200
3,1,300
9,1,100
7,1,100
3,1,1150
2,1,200
2,1,390
4,7,300
6,1,223
6,1,505
4,1,877
3,1,590
2,7,345
7,1,700
10,2,359
3,6,332
3,1,605
3,1,215
3,6,200
5,1,373
7,1,323
4,1,723
5,1,705
2,1,500
4,1,125
5,1,925
1,1,1000
1,6,100
4,1,1345
4,1,500
2,5,490
4,1,888
4,1,1098
4,2,1428
1,7,573
1,7,350
1,7,350
4,7,503
4,1,793
5,1,603
6,1,1013
4,2,883
3,1,318
2,1,333
4,1,1163
3,1,2270
2,2,748
6,8,948
4,8,638
2,3,443
1,3,613
3,1,1171
5,7,473
4,1,383
3,7,163
7,1,243
4,1,973
1,1,863
2,1,908
5,1,323
2,1,398
3,1,648
2,7,615
1,1,298
4,7,453
1,7,420
3,3,558
5,3,475
5,1,268
2,1,1098
3,1,998
1,3,365
1,3,500
1,3,500
3,1,255
1,1,625
3,1,765
6,3,783
1,1,443
2,3,533
1,1,640
6,1,1873
5,1,1038
2,3,626
2,1,1778
2,3,1028
5,1,5415
3,1,1153
1,3,920
4,3,1448
1,3,1425
4,3,598
3,1,1168
5,3,1223
2,1,1548
2,1,1353
1,3,423
4,1,918
7,1,2198
5,1,1698
4,7,403
3,7,968
6,1,1758
4,7,505
3,1,810
3,1,985
4,1,773
4,1,805
8,1,1053
5,7,668
2,1,873
3,1,698
4,1,2343
4,1,1568
1,1,1143
4,3,1401
3,1,1355
2,1,703
3,1,685
2,1,583
2,1,698
4,3,723
2,1,623
4,1,823
5,2,2053
7,7,473
4,1,1767
5,1,1953
2,1,988
3,7,638
3,1,1853
6,1,553
3,3,1253
8,1,975
2,1,2263
2,1,1253
1,3,700
5,2,1753
3,6,503
2,3,363
1,3,300
3,2,380
3,1,698
4,1,1223
2,1,1143
1,1,593
4,3,503
2,1,2280
5,1,1043
4,3,990
3,1,2243
3,1,2313
5,1,1693
5,1,2405
4,1,723
1,7,505
4,1,783
3,3,673
7,1,2873
5,1,1323
3,1,2333
1,3,470
1,1,5453
6,3,1213
1,1,990
4,7,663
5,3,1275
2,1,2365
11,1,2205
3,5,2323
4,1,743
4,8,713
2,8,343
1,1,615
4,1,755
2,7,463
2,1,983
2,2,513
4,8,523
1,1,870
6,2,724
4,8,640
3,1,763
2,1,665
3,3,1215
5,1,675
1,3,300
6,7,773
3,1,398
8,1,1073
2,1,1393
1,1,843
4,1,1198
5,1,1925
4,1,1023
6,1,1273
5,3,1003
1,1,1703
4,1,1265
5,1,2163
7,1,385
4,1,803
8,3,2445
1,1,892
5,1,2842
3,1,1385
4,2,7233
4,1,2218
4,1,818
5,1,3293
1,1,598
1,7,1198
6,1,2150
3,1,3450
2,1,2746
4,1,1453
2,1,1995
4,5,1253
4,1,693
4,1,1573
5,1,1348
4,1,1795
4,1,1800
2,1,5843
5,1,948
6,1,3915
1,5,2523
3,3,873
4,1,2748
3,3,860
3,2,7213
4,3,1183
1,3,563
3,2,2240
4,1,1295
4,7,1168
2,1,1798
6,1,2450
2,1,3960
6,1,2143
3,5,2173
3,7,713
2,7,943
1,3,375
4,1,1230
4,1,1148
3,1,1233
7,1,1728
6,3,723
1,3,670
2,3,453
1,3,400
1,3,545
2,3,573
5,3,473
1,3,375
3,7,483
1,3,500
4,3,413
4,2,368
2,3,603
5,1,523
2,3,738
4,3,338
5,3,698
5,1,1008
6,3,603
5,1,1188
2,1,1058
6,2,808
4,2,418
6,3,290
5,3,278
2,3,313
4,1,1258
4,1,1175
3,1,783
1,3,285
1,3,200
1,3,237
5,1,938
1,3,270
1,1,280
2,1,465
2,6,268
4,7,473
4,1,475
3,7,323
8,1,558
2,1,381
2,1,425
3,1,258
5,1,358
4,1,502
3,7,415
6,1,773
5,1,2683
6,1,1558
1,1,276
2,1,418
5,1,981
7,1,495
5,1,523
7,1,776
5,1,868
6,1,782
2,1,750
9,7,442
5,1,792
8,1,390
2,7,242
5,1,357
6,1,187
3,1,112
3,1,465
3,7,385
3,7,615
7,1,472
5,1,1225
6,1,389
4,1,407
4,1,383
6,8,638
5,1,540
2,7,1673
7,1,330
3,1,1930
3,1,1103
1,1,404
1,6,193
3,2,345
5,1,243
3,1,221
1,1,503
7,2,323
3,2,763
4,1,1003
4,1,423
3,2,598
3,2,763
4,2,470
2,2,633
5,1,345
2,1,240
7,1,325
2,1,325
5,1,240
4,1,240
7,1,235
5,8,235
5,7,325
7,1,325
6,1,223
4,1,325
3,1,200
4,1,110
10,1,200
6,1,100
2,1,110
2,1,130
2,1,110
2,1,90
5,1,110
4,1,112
3,1,60
2,1,102
4,1,470
4,1,394
7,1,340
7,1,340
6,1,660
5,1,405
4,1,405
3,1,405
1,6,430
5,1,360
2,1,660
6,1,360
4,1,165
1,1,165
2,1,165
4,1,163
6,1,365
3,1,463
6,1,465
4,1,525
4,1,365
4,1,265
8,1,268
4,7,240
6,1,110
8,1,130
4,1,110
2,1,110
4,1,210
3,1,200
4,1,100
5,1,300
3,1,110
5,1,62
2,1,60
2,1,110
4,1,605
3,1,390
3,1,460
5,1,390
3,1,390
5,1,604
6,1,390
6,1,400
3,1,190
3,1,240
2,7,190
3,1,190
4,1,330
2,1,280
4,1,180
7,1,330
5,1,130
3,1,330
4,1,330
5,1,380
6,1,453
3,1,253
1,1,253
4,1,353
3,8,360
1,8,360
5,8,360
3,8,260
1,6,223
1,1,475
5,1,723
5,1,527
5,1,1523
5,1,443
1,6,150
1,1,465
6,6,110
1,6,60
3,6,60
6,6,110
3,6,110
4,1,120
5,6,130
5,6,120
3,6,210
1,6,110
9,6,320
4,6,210
7,1,350
7,1,260
6,1,215
2,1,700
5,1,470
1,7,250
5,1,353
2,7,153
3,7,153
2,8,360
1,8,280
6,1,573
6,1,360
7,1,390
4,8,350
7,1,100
2,1,200
3,1,340
1,6,273
6,1,200
5,1,223
4,1,223
1,6,370
2,1,145
5,1,273
4,1,223
5,1,340
